startdate,enddate,ticker
31-03-2008,30-06-2008,EUROCERA.NS
30-06-2008,30-09-2008,XLENERGY.NS
30-06-2010,30-09-2010,JYOTISTRUC.NS
30-06-2010,30-09-2010,SANCO.NS
30-09-2010,31-12-2010,JYOTISTRUC.NS
30-09-2010,31-12-2010,SANCO.NS
31-12-2010,31-03-2011,JYOTISTRUC.NS
31-12-2010,31-03-2011,SANCO.NS
30-06-2011,30-09-2011,JVLAGRO.NS
30-09-2011,31-12-2011,JVLAGRO.NS
31-12-2011,31-03-2012,JVLAGRO.NS
30-06-2013,30-09-2013,PUNJLLOYD.NS
30-09-2013,31-12-2013,PUNJLLOYD.NS
31-12-2013,31-03-2014,PUNJLLOYD.NS
30-06-2015,30-09-2015,EASUNREYRL.NS
30-06-2015,30-09-2015,EDUCOMP.NS
30-06-2015,30-09-2015,HIGHGROUND.NS
30-06-2015,30-09-2015,IL&FSTRANS.NS
30-09-2015,31-12-2015,EASUNREYRL.NS
30-09-2015,31-12-2015,EDUCOMP.NS
30-09-2015,31-12-2015,HIGHGROUND.NS
30-09-2015,31-12-2015,IL&FSTRANS.NS
31-12-2015,31-03-2016,EASUNREYRL.NS
31-12-2015,31-03-2016,EDUCOMP.NS
31-12-2015,31-03-2016,HIGHGROUND.NS
31-12-2015,31-03-2016,IL&FSTRANS.NS
30-06-2016,30-09-2016,DOLPHINOFF.NS
30-06-2016,30-09-2016,NITINFIRE.NS
30-06-2016,30-09-2016,SHILPI.NS
30-09-2016,31-12-2016,DOLPHINOFF.NS
30-09-2016,31-12-2016,NITINFIRE.NS
30-09-2016,31-12-2016,NUTEK.NS
30-09-2016,31-12-2016,SHILPI.NS
31-12-2016,31-03-2017,DOLPHINOFF.NS
31-12-2016,31-03-2017,GITANJALI.NS
31-12-2016,31-03-2017,NITINFIRE.NS
31-12-2016,31-03-2017,NUTEK.NS
31-12-2016,31-03-2017,SHILPI.NS
31-03-2017,30-06-2017,DIAPOWER.NS
31-03-2017,30-06-2017,GITANJALI.NS
31-03-2017,30-06-2017,NUTEK.NS
30-06-2017,30-09-2017,COX&KINGS.NS
30-06-2017,30-09-2017,DIAPOWER.NS
30-06-2017,30-09-2017,DUCON.NS
30-06-2017,30-09-2017,GITANJALI.NS
30-06-2017,30-09-2017,M&MFIN.NS
30-09-2017,31-12-2017,COX&KINGS.NS
30-09-2017,31-12-2017,DIAPOWER.NS
30-09-2017,31-12-2017,DUCON.NS
30-09-2017,31-12-2017,GET&D.NS
30-09-2017,31-12-2017,M&MFIN.NS
31-12-2017,31-03-2018,COX&KINGS.NS
31-12-2017,31-03-2018,GET&D.NS
31-12-2017,31-03-2018,M&MFIN.NS
31-12-2017,31-03-2018,METKORE.NS
31-03-2018,30-06-2018,AIFL.NS
31-03-2018,30-06-2018,CANDC.NS
31-03-2018,30-06-2018,GET&D.NS
31-03-2018,30-06-2018,JETAIRWAYS.NS
30-06-2018,30-09-2018,AIFL.NS
30-06-2018,30-09-2018,CANDC.NS
30-06-2018,30-09-2018,KGL.NS
30-06-2018,30-09-2018,SITASHREE.NS
30-09-2018,31-12-2018,CANDC.NS
30-09-2018,31-12-2018,CELESTIAL.NS
30-09-2018,31-12-2018,HDIL.NS
30-09-2018,31-12-2018,HINDSYNTEX.NS
30-09-2018,31-12-2018,KGL.NS
30-09-2018,31-12-2018,SITASHREE.NS
31-12-2018,31-03-2019,CELESTIAL.NS
31-12-2018,31-03-2019,HDIL.NS
31-12-2018,31-03-2019,HINDSYNTEX.NS
31-12-2018,31-03-2019,JAIHINDPRO.NS
31-12-2018,31-03-2019,JAINSTUDIO.NS
31-12-2018,31-03-2019,KGL.NS
31-12-2018,31-03-2019,PETRONENGG.NS
31-03-2019,30-06-2019,ATLASCYCLE.NS
31-03-2019,30-06-2019,BALLARPUR.NS
31-03-2019,30-06-2019,BILENERGY.NS
31-03-2019,30-06-2019,CELESTIAL.NS
31-03-2019,30-06-2019,CIMMCO.NS
31-03-2019,30-06-2019,GSKCONS.NS
31-03-2019,30-06-2019,HINDSYNTEX.NS
31-03-2019,30-06-2019,JAIHINDPRO.NS
31-03-2019,30-06-2019,NAGAROIL.NS
31-03-2019,30-06-2019,PETRONENGG.NS
31-03-2019,30-06-2019,STINDIA.NS
30-06-2019,30-09-2019,ATLASCYCLE.NS
30-06-2019,30-09-2019,AUTOLITIND.NS
30-06-2019,30-09-2019,BALLARPUR.NS
30-06-2019,30-09-2019,BILENERGY.NS
30-06-2019,30-09-2019,CIMMCO.NS
30-06-2019,30-09-2019,EON.NS
30-06-2019,30-09-2019,GSKCONS.NS
30-06-2019,30-09-2019,GVKPIL.NS
30-06-2019,30-09-2019,JAIHINDPRO.NS
30-06-2019,30-09-2019,KSK.NS
30-06-2019,30-09-2019,OISL.NS
30-06-2019,30-09-2019,PETRONENGG.NS
30-06-2019,30-09-2019,RNAVAL.NS
30-06-2019,30-09-2019,SELMCL.NS
30-06-2019,30-09-2019,SPENTEX.NS
30-06-2019,30-09-2019,SRSLTD.NS
30-06-2019,30-09-2019,STINDIA.NS
30-06-2019,30-09-2019,TECHNOFAB.NS
30-06-2019,30-09-2019,UNITECH.NS
30-09-2019,31-12-2019,AHLEAST.NS
30-09-2019,31-12-2019,ATLASCYCLE.NS
30-09-2019,31-12-2019,AUTOLITIND.NS
30-09-2019,31-12-2019,BALLARPUR.NS
30-09-2019,31-12-2019,BILENERGY.NS
30-09-2019,31-12-2019,CIMMCO.NS
30-09-2019,31-12-2019,DQE.NS
30-09-2019,31-12-2019,EON.NS
30-09-2019,31-12-2019,GSKCONS.NS
30-09-2019,31-12-2019,GVKPIL.NS
30-09-2019,31-12-2019,KSK.NS
30-09-2019,31-12-2019,METALFORGE.NS
30-09-2019,31-12-2019,OISL.NS
30-09-2019,31-12-2019,RNAVAL.NS
30-09-2019,31-12-2019,SELMCL.NS
30-09-2019,31-12-2019,SRSLTD.NS
30-09-2019,31-12-2019,STINDIA.NS
30-09-2019,31-12-2019,TECHNOFAB.NS
30-09-2019,31-12-2019,UNITECH.NS
31-12-2019,31-03-2020,AARVEEDEN.NS
31-12-2019,31-03-2020,AHLEAST.NS
31-12-2019,31-03-2020,ALCHEM.NS
31-12-2019,31-03-2020,ALMONDZ.NS
31-12-2019,31-03-2020,ANSALAPI.NS
31-12-2019,31-03-2020,ANTGRAPHIC.NS
31-12-2019,31-03-2020,ASHIMASYN.NS
31-12-2019,31-03-2020,ASPINWALL.NS
31-12-2019,31-03-2020,BFUTILITIE.NS
31-12-2019,31-03-2020,BHARATGEAR.NS
31-12-2019,31-03-2020,BINANIIND.NS
31-12-2019,31-03-2020,CASTEXTECH.NS
31-12-2019,31-03-2020,CENTURYPLY.NS
31-12-2019,31-03-2020,CHROMATIC.NS
31-12-2019,31-03-2020,DBREALTY.NS
31-12-2019,31-03-2020,DLF.NS
31-12-2019,31-03-2020,DQE.NS
31-12-2019,31-03-2020,ENERGYDEV.NS
31-12-2019,31-03-2020,EROSMEDIA.NS
31-12-2019,31-03-2020,EXIDEIND.NS
31-12-2019,31-03-2020,GARDENSILK.NS
31-12-2019,31-03-2020,GATI.NS
31-12-2019,31-03-2020,GOENKA.NS
31-12-2019,31-03-2020,GOKEX.NS
31-12-2019,31-03-2020,HARRMALAYA.NS
31-12-2019,31-03-2020,HINDNATGLS.NS
31-12-2019,31-03-2020,IFCI.NS
31-12-2019,31-03-2020,IIFL.NS
31-12-2019,31-03-2020,ITDC.NS
31-12-2019,31-03-2020,JAYNECOIND.NS
31-12-2019,31-03-2020,JMA.NS
31-12-2019,31-03-2020,KANANIIND.NS
31-12-2019,31-03-2020,KAVVERITEL.NS
31-12-2019,31-03-2020,KECL.NS
31-12-2019,31-03-2020,KERNEX.NS
31-12-2019,31-03-2020,KIRLOSENG.NS
31-12-2019,31-03-2020,KWALITY.NS
31-12-2019,31-03-2020,LAKSHVILAS.NS
31-12-2019,31-03-2020,LOVABLE.NS
31-12-2019,31-03-2020,MADHAV.NS
31-12-2019,31-03-2020,MAHINDCIE.NS
31-12-2019,31-03-2020,MAHSEAMLES.NS
31-12-2019,31-03-2020,MANAKCOAT.NS
31-12-2019,31-03-2020,MCDHOLDING.NS
31-12-2019,31-03-2020,METALFORGE.NS
31-12-2019,31-03-2020,MFSL.NS
31-12-2019,31-03-2020,MMTC.NS
31-12-2019,31-03-2020,MSPL.NS
31-12-2019,31-03-2020,NHPC.NS
31-12-2019,31-03-2020,NIACL.NS
31-12-2019,31-03-2020,OMKARCHEM.NS
31-12-2019,31-03-2020,OMMETALS.NS
31-12-2019,31-03-2020,PATINTLOG.NS
31-12-2019,31-03-2020,PDSMFL.NS
31-12-2019,31-03-2020,PFOCUS.NS
31-12-2019,31-03-2020,PSL.NS
31-12-2019,31-03-2020,RAIN.NS
31-12-2019,31-03-2020,RMCL.NS
31-12-2019,31-03-2020,RNAVAL.NS
31-12-2019,31-03-2020,SADBHAV.NS
31-12-2019,31-03-2020,SANGHVIFOR.NS
31-12-2019,31-03-2020,SELMCL.NS
31-12-2019,31-03-2020,SHIVAMAUTO.NS
31-12-2019,31-03-2020,SKFINDIA.NS
31-12-2019,31-03-2020,SKMEGGPROD.NS
31-12-2019,31-03-2020,TECHNOFAB.NS
31-12-2019,31-03-2020,TIDEWATER.NS
31-12-2019,31-03-2020,UNITECH.NS
31-12-2019,31-03-2020,UNIVCABLES.NS
31-12-2019,31-03-2020,VESUVIUS.NS
31-12-2019,31-03-2020,VINDHYATEL.NS
31-12-2019,31-03-2020,XCHANGING.NS
31-03-2020,30-06-2020,20MICRONS.NS
31-03-2020,30-06-2020,3IINFOTECH.NS
31-03-2020,30-06-2020,3MINDIA.NS
31-03-2020,30-06-2020,5PAISA.NS
31-03-2020,30-06-2020,A2ZINFRA.NS
31-03-2020,30-06-2020,AARTIDRUGS.NS
31-03-2020,30-06-2020,AARTIIND.NS
31-03-2020,30-06-2020,AARVEEDEN.NS
31-03-2020,30-06-2020,ABAN.NS
31-03-2020,30-06-2020,ABB.NS
31-03-2020,30-06-2020,ABBOTINDIA.NS
31-03-2020,30-06-2020,ABCAPITAL.NS
31-03-2020,30-06-2020,ABFRL.NS
31-03-2020,30-06-2020,ABMINTLTD.NS
31-03-2020,30-06-2020,ACC.NS
31-03-2020,30-06-2020,ACCELYA.NS
31-03-2020,30-06-2020,ACE.NS
31-03-2020,30-06-2020,ADANIPORTS.NS
31-03-2020,30-06-2020,ADANIPOWER.NS
31-03-2020,30-06-2020,ADANITRANS.NS
31-03-2020,30-06-2020,ADFFOODS.NS
31-03-2020,30-06-2020,ADHUNIKIND.NS
31-03-2020,30-06-2020,ADORWELD.NS
31-03-2020,30-06-2020,ADSL.NS
31-03-2020,30-06-2020,ADVANIHOTR.NS
31-03-2020,30-06-2020,ADVENZYMES.NS
31-03-2020,30-06-2020,AEGISCHEM.NS
31-03-2020,30-06-2020,AGARIND.NS
31-03-2020,30-06-2020,AGCNET.NS
31-03-2020,30-06-2020,AHLUCONT.NS
31-03-2020,30-06-2020,AHLWEST.NS
31-03-2020,30-06-2020,AIAENG.NS
31-03-2020,30-06-2020,AJANTPHARM.NS
31-03-2020,30-06-2020,AKSHARCHEM.NS
31-03-2020,30-06-2020,AKSHOPTFBR.NS
31-03-2020,30-06-2020,AKZOINDIA.NS
31-03-2020,30-06-2020,ALANKIT.NS
31-03-2020,30-06-2020,ALBERTDAVD.NS
31-03-2020,30-06-2020,ALCHEM.NS
31-03-2020,30-06-2020,ALEMBICLTD.NS
31-03-2020,30-06-2020,ALICON.NS
31-03-2020,30-06-2020,ALKALI.NS
31-03-2020,30-06-2020,ALKEM.NS
31-03-2020,30-06-2020,ALKYLAMINE.NS
31-03-2020,30-06-2020,ALLCARGO.NS
31-03-2020,30-06-2020,ALLSEC.NS
31-03-2020,30-06-2020,ALMONDZ.NS
31-03-2020,30-06-2020,ALPA.NS
31-03-2020,30-06-2020,ALPSINDUS.NS
31-03-2020,30-06-2020,AMARAJABAT.NS
31-03-2020,30-06-2020,AMBIKCO.NS
31-03-2020,30-06-2020,AMBUJACEM.NS
31-03-2020,30-06-2020,AMDIND.NS
31-03-2020,30-06-2020,AMRUTANJAN.NS
31-03-2020,30-06-2020,ANANTRAJ.NS
31-03-2020,30-06-2020,ANDHRACEMT.NS
31-03-2020,30-06-2020,ANDHRSUGAR.NS
31-03-2020,30-06-2020,ANIKINDS.NS
31-03-2020,30-06-2020,ANSALAPI.NS
31-03-2020,30-06-2020,ANSALHSG.NS
31-03-2020,30-06-2020,ANTGRAPHIC.NS
31-03-2020,30-06-2020,APARINDS.NS
31-03-2020,30-06-2020,APCL.NS
31-03-2020,30-06-2020,APCOTEXIND.NS
31-03-2020,30-06-2020,APEX.NS
31-03-2020,30-06-2020,APLAPOLLO.NS
31-03-2020,30-06-2020,APLLTD.NS
31-03-2020,30-06-2020,APOLLOHOSP.NS
31-03-2020,30-06-2020,APOLLOTYRE.NS
31-03-2020,30-06-2020,APOLSINHOT.NS
31-03-2020,30-06-2020,APTECHT.NS
31-03-2020,30-06-2020,ARCHIDPLY.NS
31-03-2020,30-06-2020,ARCHIES.NS
31-03-2020,30-06-2020,ARCOTECH.NS
31-03-2020,30-06-2020,ARIES.NS
31-03-2020,30-06-2020,ARIHANT.NS
31-03-2020,30-06-2020,ARIHANTSUP.NS
31-03-2020,30-06-2020,ARMANFIN.NS
31-03-2020,30-06-2020,AROGRANITE.NS
31-03-2020,30-06-2020,ARROWGREEN.NS
31-03-2020,30-06-2020,ARSHIYA.NS
31-03-2020,30-06-2020,ARSSINFRA.NS
31-03-2020,30-06-2020,ARVIND.NS
31-03-2020,30-06-2020,ARVSMART.NS
31-03-2020,30-06-2020,ASAHIINDIA.NS
31-03-2020,30-06-2020,ASAHISONG.NS
31-03-2020,30-06-2020,ASAL.NS
31-03-2020,30-06-2020,ASHAPURMIN.NS
31-03-2020,30-06-2020,ASHIANA.NS
31-03-2020,30-06-2020,ASHIMASYN.NS
31-03-2020,30-06-2020,ASHOKA.NS
31-03-2020,30-06-2020,ASHOKLEY.NS
31-03-2020,30-06-2020,ASIANPAINT.NS
31-03-2020,30-06-2020,ASIANTILES.NS
31-03-2020,30-06-2020,ASPINWALL.NS
31-03-2020,30-06-2020,ASTEC.NS
31-03-2020,30-06-2020,ASTRAL.NS
31-03-2020,30-06-2020,ASTRAMICRO.NS
31-03-2020,30-06-2020,ASTRAZEN.NS
31-03-2020,30-06-2020,ATFL.NS
31-03-2020,30-06-2020,ATLANTA.NS
31-03-2020,30-06-2020,ATUL.NS
31-03-2020,30-06-2020,ATULAUTO.NS
31-03-2020,30-06-2020,AUBANK.NS
31-03-2020,30-06-2020,AURIONPRO.NS
31-03-2020,30-06-2020,AUROPHARMA.NS
31-03-2020,30-06-2020,AUSOMENT.NS
31-03-2020,30-06-2020,AUTOAXLES.NS
31-03-2020,30-06-2020,AUTOIND.NS
31-03-2020,30-06-2020,AVADHSUGAR.NS
31-03-2020,30-06-2020,AVANTIFEED.NS
31-03-2020,30-06-2020,AVTNPL.NS
31-03-2020,30-06-2020,AXISBANK.NS
31-03-2020,30-06-2020,AXISCADES.NS
31-03-2020,30-06-2020,AYMSYNTEX.NS
31-03-2020,30-06-2020,BAGFILMS.NS
31-03-2020,30-06-2020,BAJAJ-AUTO.NS
31-03-2020,30-06-2020,BAJAJELEC.NS
31-03-2020,30-06-2020,BAJAJFINSV.NS
31-03-2020,30-06-2020,BAJAJHIND.NS
31-03-2020,30-06-2020,BAJAJHLDNG.NS
31-03-2020,30-06-2020,BAJFINANCE.NS
31-03-2020,30-06-2020,BALAJITELE.NS
31-03-2020,30-06-2020,BALAMINES.NS
31-03-2020,30-06-2020,BALAXI.NS
31-03-2020,30-06-2020,BALKRISHNA.NS
31-03-2020,30-06-2020,BALKRISIND.NS
31-03-2020,30-06-2020,BALMLAWRIE.NS
31-03-2020,30-06-2020,BALPHARMA.NS
31-03-2020,30-06-2020,BALRAMCHIN.NS
31-03-2020,30-06-2020,BANARISUG.NS
31-03-2020,30-06-2020,BANCOINDIA.NS
31-03-2020,30-06-2020,BANG.NS
31-03-2020,30-06-2020,BANKBARODA.NS
31-03-2020,30-06-2020,BANKINDIA.NS
31-03-2020,30-06-2020,BANSWRAS.NS
31-03-2020,30-06-2020,BASF.NS
31-03-2020,30-06-2020,BASML.NS
31-03-2020,30-06-2020,BATAINDIA.NS
31-03-2020,30-06-2020,BAYERCROP.NS
31-03-2020,30-06-2020,BBL.NS
31-03-2020,30-06-2020,BBTC.NS
31-03-2020,30-06-2020,BEARDSELL.NS
31-03-2020,30-06-2020,BEDMUTHA.NS
31-03-2020,30-06-2020,BEL.NS
31-03-2020,30-06-2020,BEML.NS
31-03-2020,30-06-2020,BEPL.NS
31-03-2020,30-06-2020,BERGEPAINT.NS
31-03-2020,30-06-2020,BFINVEST.NS
31-03-2020,30-06-2020,BFUTILITIE.NS
31-03-2020,30-06-2020,BGLOBAL.NS
31-03-2020,30-06-2020,BGRENERGY.NS
31-03-2020,30-06-2020,BHAGERIA.NS
31-03-2020,30-06-2020,BHAGYANGR.NS
31-03-2020,30-06-2020,BHAGYAPROP.NS
31-03-2020,30-06-2020,BHANDARI.NS
31-03-2020,30-06-2020,BHARATFORG.NS
31-03-2020,30-06-2020,BHARATGEAR.NS
31-03-2020,30-06-2020,BHARATRAS.NS
31-03-2020,30-06-2020,BHARATWIRE.NS
31-03-2020,30-06-2020,BHARTIARTL.NS
31-03-2020,30-06-2020,BHEL.NS
31-03-2020,30-06-2020,BIGBLOC.NS
31-03-2020,30-06-2020,BIL.NS
31-03-2020,30-06-2020,BINANIIND.NS
31-03-2020,30-06-2020,BINDALAGRO.NS
31-03-2020,30-06-2020,BIOCON.NS
31-03-2020,30-06-2020,BIOFILCHEM.NS
31-03-2020,30-06-2020,BIRLACABLE.NS
31-03-2020,30-06-2020,BIRLACORPN.NS
31-03-2020,30-06-2020,BIRLAMONEY.NS
31-03-2020,30-06-2020,BLBLIMITED.NS
31-03-2020,30-06-2020,BLS.NS
31-03-2020,30-06-2020,BLUEDART.NS
31-03-2020,30-06-2020,BLUESTARCO.NS
31-03-2020,30-06-2020,BODALCHEM.NS
31-03-2020,30-06-2020,BOMDYEING.NS
31-03-2020,30-06-2020,BOSCHLTD.NS
31-03-2020,30-06-2020,BPCL.NS
31-03-2020,30-06-2020,BPL.NS
31-03-2020,30-06-2020,BRFL.NS
31-03-2020,30-06-2020,BRIGADE.NS
31-03-2020,30-06-2020,BRITANNIA.NS
31-03-2020,30-06-2020,BRNL.NS
31-03-2020,30-06-2020,BROOKS.NS
31-03-2020,30-06-2020,BSE.NS
31-03-2020,30-06-2020,BSL.NS
31-03-2020,30-06-2020,BURNPUR.NS
31-03-2020,30-06-2020,BUTTERFLY.NS
31-03-2020,30-06-2020,BVCL.NS
31-03-2020,30-06-2020,BYKE.NS
31-03-2020,30-06-2020,CADILAHC.NS
31-03-2020,30-06-2020,CAMLINFINE.NS
31-03-2020,30-06-2020,CANBK.NS
31-03-2020,30-06-2020,CANTABIL.NS
31-03-2020,30-06-2020,CAPACITE.NS
31-03-2020,30-06-2020,CAPLIPOINT.NS
31-03-2020,30-06-2020,CAPTRUST.NS
31-03-2020,30-06-2020,CARBORUNIV.NS
31-03-2020,30-06-2020,CAREERP.NS
31-03-2020,30-06-2020,CARERATING.NS
31-03-2020,30-06-2020,CASTEXTECH.NS
31-03-2020,30-06-2020,CASTROLIND.NS
31-03-2020,30-06-2020,CCCL.NS
31-03-2020,30-06-2020,CCHHL.NS
31-03-2020,30-06-2020,CCL.NS
31-03-2020,30-06-2020,CDSL.NS
31-03-2020,30-06-2020,CEATLTD.NS
31-03-2020,30-06-2020,CEBBCO.NS
31-03-2020,30-06-2020,CELEBRITY.NS
31-03-2020,30-06-2020,CENTENKA.NS
31-03-2020,30-06-2020,CENTEXT.NS
31-03-2020,30-06-2020,CENTRALBK.NS
31-03-2020,30-06-2020,CENTUM.NS
31-03-2020,30-06-2020,CENTURYPLY.NS
31-03-2020,30-06-2020,CENTURYTEX.NS
31-03-2020,30-06-2020,CERA.NS
31-03-2020,30-06-2020,CEREBRAINT.NS
31-03-2020,30-06-2020,CESC.NS
31-03-2020,30-06-2020,CGCL.NS
31-03-2020,30-06-2020,CGPOWER.NS
31-03-2020,30-06-2020,CHAMBLFERT.NS
31-03-2020,30-06-2020,CHENNPETRO.NS
31-03-2020,30-06-2020,CHOLAFIN.NS
31-03-2020,30-06-2020,CHROMATIC.NS
31-03-2020,30-06-2020,CIGNITITEC.NS
31-03-2020,30-06-2020,CINELINE.NS
31-03-2020,30-06-2020,CIPLA.NS
31-03-2020,30-06-2020,CLEDUCATE.NS
31-03-2020,30-06-2020,CLNINDIA.NS
31-03-2020,30-06-2020,CMICABLES.NS
31-03-2020,30-06-2020,CNOVAPETRO.NS
31-03-2020,30-06-2020,COALINDIA.NS
31-03-2020,30-06-2020,COCHINSHIP.NS
31-03-2020,30-06-2020,COLPAL.NS
31-03-2020,30-06-2020,COMPINFO.NS
31-03-2020,30-06-2020,COMPUSOFT.NS
31-03-2020,30-06-2020,CONCOR.NS
31-03-2020,30-06-2020,CONSOFINVT.NS
31-03-2020,30-06-2020,CONTROLPR.NS
31-03-2020,30-06-2020,CORALFINAC.NS
31-03-2020,30-06-2020,CORDSCABLE.NS
31-03-2020,30-06-2020,COROMANDEL.NS
31-03-2020,30-06-2020,COSMOFILMS.NS
31-03-2020,30-06-2020,COUNCODOS.NS
31-03-2020,30-06-2020,CREATIVEYE.NS
31-03-2020,30-06-2020,CREST.NS
31-03-2020,30-06-2020,CRISIL.NS
31-03-2020,30-06-2020,CROMPTON.NS
31-03-2020,30-06-2020,CUB.NS
31-03-2020,30-06-2020,CUBEXTUB.NS
31-03-2020,30-06-2020,CUMMINSIND.NS
31-03-2020,30-06-2020,CUPID.NS
31-03-2020,30-06-2020,CYBERMEDIA.NS
31-03-2020,30-06-2020,CYBERTECH.NS
31-03-2020,30-06-2020,CYIENT.NS
31-03-2020,30-06-2020,DAAWAT.NS
31-03-2020,30-06-2020,DABUR.NS
31-03-2020,30-06-2020,DALMIASUG.NS
31-03-2020,30-06-2020,DAMODARIND.NS
31-03-2020,30-06-2020,DATAMATICS.NS
31-03-2020,30-06-2020,DBCORP.NS
31-03-2020,30-06-2020,DBL.NS
31-03-2020,30-06-2020,DBREALTY.NS
31-03-2020,30-06-2020,DCAL.NS
31-03-2020,30-06-2020,DCBBANK.NS
31-03-2020,30-06-2020,DCM.NS
31-03-2020,30-06-2020,DCMSHRIRAM.NS
31-03-2020,30-06-2020,DCW.NS
31-03-2020,30-06-2020,DECCANCE.NS
31-03-2020,30-06-2020,DEEPAKFERT.NS
31-03-2020,30-06-2020,DEEPAKNTR.NS
31-03-2020,30-06-2020,DELTACORP.NS
31-03-2020,30-06-2020,DELTAMAGNT.NS
31-03-2020,30-06-2020,DEN.NS
31-03-2020,30-06-2020,DENORA.NS
31-03-2020,30-06-2020,DFMFOODS.NS
31-03-2020,30-06-2020,DHAMPURSUG.NS
31-03-2020,30-06-2020,DHANBANK.NS
31-03-2020,30-06-2020,DHANUKA.NS
31-03-2020,30-06-2020,DHARSUGAR.NS
31-03-2020,30-06-2020,DHFL.NS
31-03-2020,30-06-2020,DHUNINV.NS
31-03-2020,30-06-2020,DIAMONDYD.NS
31-03-2020,30-06-2020,DICIND.NS
31-03-2020,30-06-2020,DISHTV.NS
31-03-2020,30-06-2020,DIVISLAB.NS
31-03-2020,30-06-2020,DIXON.NS
31-03-2020,30-06-2020,DLF.NS
31-03-2020,30-06-2020,DLINKINDIA.NS
31-03-2020,30-06-2020,DMART.NS
31-03-2020,30-06-2020,DOLLAR.NS
31-03-2020,30-06-2020,DONEAR.NS
31-03-2020,30-06-2020,DPSCLTD.NS
31-03-2020,30-06-2020,DQE.NS
31-03-2020,30-06-2020,DREDGECORP.NS
31-03-2020,30-06-2020,DRREDDY.NS
31-03-2020,30-06-2020,DSSL.NS
31-03-2020,30-06-2020,DTIL.NS
31-03-2020,30-06-2020,DWARKESH.NS
31-03-2020,30-06-2020,DYNAMATECH.NS
31-03-2020,30-06-2020,EASTSILK.NS
31-03-2020,30-06-2020,ECLERX.NS
31-03-2020,30-06-2020,EDELWEISS.NS
31-03-2020,30-06-2020,EICHERMOT.NS
31-03-2020,30-06-2020,EIDPARRY.NS
31-03-2020,30-06-2020,EIHAHOTELS.NS
31-03-2020,30-06-2020,EIHOTEL.NS
31-03-2020,30-06-2020,EIMCOELECO.NS
31-03-2020,30-06-2020,EKC.NS
31-03-2020,30-06-2020,ELECON.NS
31-03-2020,30-06-2020,ELECTCAST.NS
31-03-2020,30-06-2020,ELECTHERM.NS
31-03-2020,30-06-2020,ELGIEQUIP.NS
31-03-2020,30-06-2020,ELGIRUBCO.NS
31-03-2020,30-06-2020,EMAMILTD.NS
31-03-2020,30-06-2020,EMKAY.NS
31-03-2020,30-06-2020,EMMBI.NS
31-03-2020,30-06-2020,ENDURANCE.NS
31-03-2020,30-06-2020,ENERGYDEV.NS
31-03-2020,30-06-2020,ENGINERSIN.NS
31-03-2020,30-06-2020,ENIL.NS
31-03-2020,30-06-2020,EQUITAS.NS
31-03-2020,30-06-2020,ERIS.NS
31-03-2020,30-06-2020,EROSMEDIA.NS
31-03-2020,30-06-2020,ESABINDIA.NS
31-03-2020,30-06-2020,ESCORTS.NS
31-03-2020,30-06-2020,ESSARSHPNG.NS
31-03-2020,30-06-2020,ESTER.NS
31-03-2020,30-06-2020,EUROMULTI.NS
31-03-2020,30-06-2020,EUROTEXIND.NS
31-03-2020,30-06-2020,EVEREADY.NS
31-03-2020,30-06-2020,EVERESTIND.NS
31-03-2020,30-06-2020,EXCEL.NS
31-03-2020,30-06-2020,EXCELINDUS.NS
31-03-2020,30-06-2020,EXIDEIND.NS
31-03-2020,30-06-2020,FACT.NS
31-03-2020,30-06-2020,FCL.NS
31-03-2020,30-06-2020,FCONSUMER.NS
31-03-2020,30-06-2020,FDC.NS
31-03-2020,30-06-2020,FEDERALBNK.NS
31-03-2020,30-06-2020,FEL.NS
31-03-2020,30-06-2020,FELDVR.NS
31-03-2020,30-06-2020,FIEMIND.NS
31-03-2020,30-06-2020,FINPIPE.NS
31-03-2020,30-06-2020,FLEXITUFF.NS
31-03-2020,30-06-2020,FLFL.NS
31-03-2020,30-06-2020,FMGOETZE.NS
31-03-2020,30-06-2020,FMNL.NS
31-03-2020,30-06-2020,FORTIS.NS
31-03-2020,30-06-2020,FOSECOIND.NS
31-03-2020,30-06-2020,FRETAIL.NS
31-03-2020,30-06-2020,FSL.NS
31-03-2020,30-06-2020,GABRIEL.NS
31-03-2020,30-06-2020,GAEL.NS
31-03-2020,30-06-2020,GAIL.NS
31-03-2020,30-06-2020,GAL.NS
31-03-2020,30-06-2020,GAMMNINFRA.NS
31-03-2020,30-06-2020,GANDHITUBE.NS
31-03-2020,30-06-2020,GANECOS.NS
31-03-2020,30-06-2020,GANESHHOUC.NS
31-03-2020,30-06-2020,GARDENSILK.NS
31-03-2020,30-06-2020,GATI.NS
31-03-2020,30-06-2020,GAYAPROJ.NS
31-03-2020,30-06-2020,GDL.NS
31-03-2020,30-06-2020,GEECEE.NS
31-03-2020,30-06-2020,GENESYS.NS
31-03-2020,30-06-2020,GENUSPAPER.NS
31-03-2020,30-06-2020,GENUSPOWER.NS
31-03-2020,30-06-2020,GEOJITFSL.NS
31-03-2020,30-06-2020,GEPIL.NS
31-03-2020,30-06-2020,GESHIP.NS
31-03-2020,30-06-2020,GHCL.NS
31-03-2020,30-06-2020,GICHSGFIN.NS
31-03-2020,30-06-2020,GICRE.NS
31-03-2020,30-06-2020,GILLANDERS.NS
31-03-2020,30-06-2020,GILLETTE.NS
31-03-2020,30-06-2020,GINNIFILA.NS
31-03-2020,30-06-2020,GIPCL.NS
31-03-2020,30-06-2020,GKWLIMITED.NS
31-03-2020,30-06-2020,GLAXO.NS
31-03-2020,30-06-2020,GLENMARK.NS
31-03-2020,30-06-2020,GLFL.NS
31-03-2020,30-06-2020,GLOBALVECT.NS
31-03-2020,30-06-2020,GLOBOFFS.NS
31-03-2020,30-06-2020,GLOBUSSPR.NS
31-03-2020,30-06-2020,GMBREW.NS
31-03-2020,30-06-2020,GMDCLTD.NS
31-03-2020,30-06-2020,GNA.NS
31-03-2020,30-06-2020,GNFC.NS
31-03-2020,30-06-2020,GOACARBON.NS
31-03-2020,30-06-2020,GOCLCORP.NS
31-03-2020,30-06-2020,GODFRYPHLP.NS
31-03-2020,30-06-2020,GODREJAGRO.NS
31-03-2020,30-06-2020,GODREJCP.NS
31-03-2020,30-06-2020,GODREJIND.NS
31-03-2020,30-06-2020,GODREJPROP.NS
31-03-2020,30-06-2020,GOKEX.NS
31-03-2020,30-06-2020,GOKUL.NS
31-03-2020,30-06-2020,GOKULAGRO.NS
31-03-2020,30-06-2020,GOLDENTOBC.NS
31-03-2020,30-06-2020,GOLDIAM.NS
31-03-2020,30-06-2020,GOLDTECH.NS
31-03-2020,30-06-2020,GOODLUCK.NS
31-03-2020,30-06-2020,GPIL.NS
31-03-2020,30-06-2020,GPPL.NS
31-03-2020,30-06-2020,GPTINFRA.NS
31-03-2020,30-06-2020,GRANULES.NS
31-03-2020,30-06-2020,GRAPHITE.NS
31-03-2020,30-06-2020,GRASIM.NS
31-03-2020,30-06-2020,GRAVITA.NS
31-03-2020,30-06-2020,GREAVESCOT.NS
31-03-2020,30-06-2020,GREENLAM.NS
31-03-2020,30-06-2020,GREENPLY.NS
31-03-2020,30-06-2020,GREENPOWER.NS
31-03-2020,30-06-2020,GRINDWELL.NS
31-03-2020,30-06-2020,GROBTEA.NS
31-03-2020,30-06-2020,GRPLTD.NS
31-03-2020,30-06-2020,GSCLCEMENT.NS
31-03-2020,30-06-2020,GSFC.NS
31-03-2020,30-06-2020,GSPL.NS
31-03-2020,30-06-2020,GTL.NS
31-03-2020,30-06-2020,GTLINFRA.NS
31-03-2020,30-06-2020,GTNIND.NS
31-03-2020,30-06-2020,GTNTEX.NS
31-03-2020,30-06-2020,GTPL.NS
31-03-2020,30-06-2020,GUFICBIO.NS
31-03-2020,30-06-2020,GUJALKALI.NS
31-03-2020,30-06-2020,GUJAPOLLO.NS
31-03-2020,30-06-2020,GUJGASLTD.NS
31-03-2020,30-06-2020,GUJRAFFIA.NS
31-03-2020,30-06-2020,GULFOILLUB.NS
31-03-2020,30-06-2020,GULFPETRO.NS
31-03-2020,30-06-2020,GULPOLY.NS
31-03-2020,30-06-2020,HARITASEAT.NS
31-03-2020,30-06-2020,HARRMALAYA.NS
31-03-2020,30-06-2020,HATHWAY.NS
31-03-2020,30-06-2020,HATSUN.NS
31-03-2020,30-06-2020,HAVELLS.NS
31-03-2020,30-06-2020,HBLPOWER.NS
31-03-2020,30-06-2020,HCC.NS
31-03-2020,30-06-2020,HCG.NS
31-03-2020,30-06-2020,HCL-INSYS.NS
31-03-2020,30-06-2020,HDFC.NS
31-03-2020,30-06-2020,HDFCBANK.NS
31-03-2020,30-06-2020,HDFCLIFE.NS
31-03-2020,30-06-2020,HEG.NS
31-03-2020,30-06-2020,HEIDELBERG.NS
31-03-2020,30-06-2020,HERCULES.NS
31-03-2020,30-06-2020,HERITGFOOD.NS
31-03-2020,30-06-2020,HEROMOTOCO.NS
31-03-2020,30-06-2020,HESTERBIO.NS
31-03-2020,30-06-2020,HEXATRADEX.NS
31-03-2020,30-06-2020,HFCL.NS
31-03-2020,30-06-2020,HGS.NS
31-03-2020,30-06-2020,HIKAL.NS
31-03-2020,30-06-2020,HIL.NS
31-03-2020,30-06-2020,HILTON.NS
31-03-2020,30-06-2020,HIMATSEIDE.NS
31-03-2020,30-06-2020,HINDALCO.NS
31-03-2020,30-06-2020,HINDCOMPOS.NS
31-03-2020,30-06-2020,HINDCOPPER.NS
31-03-2020,30-06-2020,HINDMOTORS.NS
31-03-2020,30-06-2020,HINDNATGLS.NS
31-03-2020,30-06-2020,HINDOILEXP.NS
31-03-2020,30-06-2020,HINDPETRO.NS
31-03-2020,30-06-2020,HINDUNILVR.NS
31-03-2020,30-06-2020,HINDZINC.NS
31-03-2020,30-06-2020,HIRECT.NS
31-03-2020,30-06-2020,HISARMETAL.NS
31-03-2020,30-06-2020,HITECHCORP.NS
31-03-2020,30-06-2020,HITECHGEAR.NS
31-03-2020,30-06-2020,HMT.NS
31-03-2020,30-06-2020,HMVL.NS
31-03-2020,30-06-2020,HONAUT.NS
31-03-2020,30-06-2020,HONDAPOWER.NS
31-03-2020,30-06-2020,HPL.NS
31-03-2020,30-06-2020,HSCL.NS
31-03-2020,30-06-2020,HTMEDIA.NS
31-03-2020,30-06-2020,HUBTOWN.NS
31-03-2020,30-06-2020,HUDCO.NS
31-03-2020,30-06-2020,IBREALEST.NS
31-03-2020,30-06-2020,IBULHSGFIN.NS
31-03-2020,30-06-2020,ICICIBANK.NS
31-03-2020,30-06-2020,ICICIGI.NS
31-03-2020,30-06-2020,ICICIPRULI.NS
31-03-2020,30-06-2020,ICIL.NS
31-03-2020,30-06-2020,ICRA.NS
31-03-2020,30-06-2020,IDBI.NS
31-03-2020,30-06-2020,IDEA.NS
31-03-2020,30-06-2020,IDFC.NS
31-03-2020,30-06-2020,IEX.NS
31-03-2020,30-06-2020,IFBAGRO.NS
31-03-2020,30-06-2020,IFBIND.NS
31-03-2020,30-06-2020,IFCI.NS
31-03-2020,30-06-2020,IGARASHI.NS
31-03-2020,30-06-2020,IGL.NS
31-03-2020,30-06-2020,IGPL.NS
31-03-2020,30-06-2020,IIFL.NS
31-03-2020,30-06-2020,IITL.NS
31-03-2020,30-06-2020,IMFA.NS
31-03-2020,30-06-2020,IMPAL.NS
31-03-2020,30-06-2020,INDBANK.NS
31-03-2020,30-06-2020,INDIACEM.NS
31-03-2020,30-06-2020,INDIAGLYCO.NS
31-03-2020,30-06-2020,INDIANB.NS
31-03-2020,30-06-2020,INDIANCARD.NS
31-03-2020,30-06-2020,INDIANHUME.NS
31-03-2020,30-06-2020,INDIGO.NS
31-03-2020,30-06-2020,INDLMETER.NS
31-03-2020,30-06-2020,INDNIPPON.NS
31-03-2020,30-06-2020,INDOCO.NS
31-03-2020,30-06-2020,INDORAMA.NS
31-03-2020,30-06-2020,INDOTECH.NS
31-03-2020,30-06-2020,INDOTHAI.NS
31-03-2020,30-06-2020,INDOWIND.NS
31-03-2020,30-06-2020,INDRAMEDCO.NS
31-03-2020,30-06-2020,INDSWFTLAB.NS
31-03-2020,30-06-2020,INDSWFTLTD.NS
31-03-2020,30-06-2020,INDTERRAIN.NS
31-03-2020,30-06-2020,INDUSINDBK.NS
31-03-2020,30-06-2020,INEOSSTYRO.NS
31-03-2020,30-06-2020,INFIBEAM.NS
31-03-2020,30-06-2020,INGERRAND.NS
31-03-2020,30-06-2020,INOXLEISUR.NS
31-03-2020,30-06-2020,INOXWIND.NS
31-03-2020,30-06-2020,INSECTICID.NS
31-03-2020,30-06-2020,INTELLECT.NS
31-03-2020,30-06-2020,INTENTECH.NS
31-03-2020,30-06-2020,INVENTURE.NS
31-03-2020,30-06-2020,IOB.NS
31-03-2020,30-06-2020,IOC.NS
31-03-2020,30-06-2020,IOLCP.NS
31-03-2020,30-06-2020,IPCALAB.NS
31-03-2020,30-06-2020,IRB.NS
31-03-2020,30-06-2020,ISMTLTD.NS
31-03-2020,30-06-2020,ITC.NS
31-03-2020,30-06-2020,ITDCEM.NS
31-03-2020,30-06-2020,ITI.NS
31-03-2020,30-06-2020,IVC.NS
31-03-2020,30-06-2020,IVP.NS
31-03-2020,30-06-2020,IZMO.NS
31-03-2020,30-06-2020,JAGRAN.NS
31-03-2020,30-06-2020,JAIBALAJI.NS
31-03-2020,30-06-2020,JAICORPLTD.NS
31-03-2020,30-06-2020,JAMNAAUTO.NS
31-03-2020,30-06-2020,JAYAGROGN.NS
31-03-2020,30-06-2020,JAYBARMARU.NS
31-03-2020,30-06-2020,JAYNECOIND.NS
31-03-2020,30-06-2020,JAYSREETEA.NS
31-03-2020,30-06-2020,JBCHEPHARM.NS
31-03-2020,30-06-2020,JBFIND.NS
31-03-2020,30-06-2020,JBMA.NS
31-03-2020,30-06-2020,JCHAC.NS
31-03-2020,30-06-2020,JHS.NS
31-03-2020,30-06-2020,JINDALPHOT.NS
31-03-2020,30-06-2020,JINDALPOLY.NS
31-03-2020,30-06-2020,JINDALSAW.NS
31-03-2020,30-06-2020,JINDALSTEL.NS
31-03-2020,30-06-2020,JINDCOT.NS
31-03-2020,30-06-2020,JINDRILL.NS
31-03-2020,30-06-2020,JINDWORLD.NS
31-03-2020,30-06-2020,JISLDVREQS.NS
31-03-2020,30-06-2020,JISLJALEQS.NS
31-03-2020,30-06-2020,JITFINFRA.NS
31-03-2020,30-06-2020,JKCEMENT.NS
31-03-2020,30-06-2020,JKIL.NS
31-03-2020,30-06-2020,JKLAKSHMI.NS
31-03-2020,30-06-2020,JKPAPER.NS
31-03-2020,30-06-2020,JKTYRE.NS
31-03-2020,30-06-2020,JMA.NS
31-03-2020,30-06-2020,JMCPROJECT.NS
31-03-2020,30-06-2020,JMFINANCIL.NS
31-03-2020,30-06-2020,JMTAUTOLTD.NS
31-03-2020,30-06-2020,JOCIL.NS
31-03-2020,30-06-2020,JPASSOCIAT.NS
31-03-2020,30-06-2020,JPINFRATEC.NS
31-03-2020,30-06-2020,JPPOWER.NS
31-03-2020,30-06-2020,JSL.NS
31-03-2020,30-06-2020,JSLHISAR.NS
31-03-2020,30-06-2020,JSWENERGY.NS
31-03-2020,30-06-2020,JSWHL.NS
31-03-2020,30-06-2020,JSWSTEEL.NS
31-03-2020,30-06-2020,JUBILANT.NS
31-03-2020,30-06-2020,JUBLFOOD.NS
31-03-2020,30-06-2020,JUBLINDS.NS
31-03-2020,30-06-2020,JUSTDIAL.NS
31-03-2020,30-06-2020,JYOTHYLAB.NS
31-03-2020,30-06-2020,KABRAEXTRU.NS
31-03-2020,30-06-2020,KAJARIACER.NS
31-03-2020,30-06-2020,KAKATCEM.NS
31-03-2020,30-06-2020,KALPATPOWR.NS
31-03-2020,30-06-2020,KALYANIFRG.NS
31-03-2020,30-06-2020,KAMATHOTEL.NS
31-03-2020,30-06-2020,KAMDHENU.NS
31-03-2020,30-06-2020,KANANIIND.NS
31-03-2020,30-06-2020,KANORICHEM.NS
31-03-2020,30-06-2020,KANSAINER.NS
31-03-2020,30-06-2020,KARMAENG.NS
31-03-2020,30-06-2020,KARURVYSYA.NS
31-03-2020,30-06-2020,KAYA.NS
31-03-2020,30-06-2020,KCP.NS
31-03-2020,30-06-2020,KCPSUGIND.NS
31-03-2020,30-06-2020,KEC.NS
31-03-2020,30-06-2020,KECL.NS
31-03-2020,30-06-2020,KEI.NS
31-03-2020,30-06-2020,KELLTONTEC.NS
31-03-2020,30-06-2020,KERNEX.NS
31-03-2020,30-06-2020,KESARENT.NS
31-03-2020,30-06-2020,KHADIM.NS
31-03-2020,30-06-2020,KHAITANLTD.NS
31-03-2020,30-06-2020,KHANDSE.NS
31-03-2020,30-06-2020,KICL.NS
31-03-2020,30-06-2020,KILITCH.NS
31-03-2020,30-06-2020,KINGFA.NS
31-03-2020,30-06-2020,KIOCL.NS
31-03-2020,30-06-2020,KIRIINDUS.NS
31-03-2020,30-06-2020,KIRLOSBROS.NS
31-03-2020,30-06-2020,KIRLOSENG.NS
31-03-2020,30-06-2020,KIRLOSIND.NS
31-03-2020,30-06-2020,KITEX.NS
31-03-2020,30-06-2020,KMSUGAR.NS
31-03-2020,30-06-2020,KNRCON.NS
31-03-2020,30-06-2020,KOHINOOR.NS
31-03-2020,30-06-2020,KOKUYOCMLN.NS
31-03-2020,30-06-2020,KOLTEPATIL.NS
31-03-2020,30-06-2020,KOPRAN.NS
31-03-2020,30-06-2020,KOTAKBANK.NS
31-03-2020,30-06-2020,KOTARISUG.NS
31-03-2020,30-06-2020,KOTHARIPET.NS
31-03-2020,30-06-2020,KOTHARIPRO.NS
31-03-2020,30-06-2020,KPRMILL.NS
31-03-2020,30-06-2020,KRBL.NS
31-03-2020,30-06-2020,KREBSBIO.NS
31-03-2020,30-06-2020,KRIDHANINF.NS
31-03-2020,30-06-2020,KSCL.NS
31-03-2020,30-06-2020,KSL.NS
31-03-2020,30-06-2020,KTIL.NS
31-03-2020,30-06-2020,KTKBANK.NS
31-03-2020,30-06-2020,KWALITY.NS
31-03-2020,30-06-2020,LAKSHVILAS.NS
31-03-2020,30-06-2020,LALPATHLAB.NS
31-03-2020,30-06-2020,LAMBODHARA.NS
31-03-2020,30-06-2020,LAOPALA.NS
31-03-2020,30-06-2020,LASA.NS
31-03-2020,30-06-2020,LAURUSLABS.NS
31-03-2020,30-06-2020,LAXMIMACH.NS
31-03-2020,30-06-2020,LFIC.NS
31-03-2020,30-06-2020,LGBBROSLTD.NS
31-03-2020,30-06-2020,LIBERTSHOE.NS
31-03-2020,30-06-2020,LICHSGFIN.NS
31-03-2020,30-06-2020,LINCOLN.NS
31-03-2020,30-06-2020,LINCPEN.NS
31-03-2020,30-06-2020,LINDEINDIA.NS
31-03-2020,30-06-2020,LOTUSEYE.NS
31-03-2020,30-06-2020,LOVABLE.NS
31-03-2020,30-06-2020,LTI.NS
31-03-2020,30-06-2020,LTTS.NS
31-03-2020,30-06-2020,LUMAXIND.NS
31-03-2020,30-06-2020,LUMAXTECH.NS
31-03-2020,30-06-2020,LUPIN.NS
31-03-2020,30-06-2020,LUXIND.NS
31-03-2020,30-06-2020,LYKALABS.NS
31-03-2020,30-06-2020,MAANALU.NS
31-03-2020,30-06-2020,MADHAV.NS
31-03-2020,30-06-2020,MADRASFERT.NS
31-03-2020,30-06-2020,MAGADSUGAR.NS
31-03-2020,30-06-2020,MAGMA.NS
31-03-2020,30-06-2020,MAGNUM.NS
31-03-2020,30-06-2020,MAHABANK.NS
31-03-2020,30-06-2020,MAHASTEEL.NS
31-03-2020,30-06-2020,MAHINDCIE.NS
31-03-2020,30-06-2020,MAHLIFE.NS
31-03-2020,30-06-2020,MAHLOG.NS
31-03-2020,30-06-2020,MAHSCOOTER.NS
31-03-2020,30-06-2020,MAHSEAMLES.NS
31-03-2020,30-06-2020,MAITHANALL.NS
31-03-2020,30-06-2020,MAJESCO.NS
31-03-2020,30-06-2020,MALUPAPER.NS
31-03-2020,30-06-2020,MANAKALUCO.NS
31-03-2020,30-06-2020,MANAKCOAT.NS
31-03-2020,30-06-2020,MANAKSIA.NS
31-03-2020,30-06-2020,MANAKSTEEL.NS
31-03-2020,30-06-2020,MANALIPETC.NS
31-03-2020,30-06-2020,MANAPPURAM.NS
31-03-2020,30-06-2020,MANGALAM.NS
31-03-2020,30-06-2020,MANGCHEFER.NS
31-03-2020,30-06-2020,MANGLMCEM.NS
31-03-2020,30-06-2020,MANGTIMBER.NS
31-03-2020,30-06-2020,MANINDS.NS
31-03-2020,30-06-2020,MANINFRA.NS
31-03-2020,30-06-2020,MANPASAND.NS
31-03-2020,30-06-2020,MANUGRAPH.NS
31-03-2020,30-06-2020,MARALOVER.NS
31-03-2020,30-06-2020,MARATHON.NS
31-03-2020,30-06-2020,MARICO.NS
31-03-2020,30-06-2020,MARKSANS.NS
31-03-2020,30-06-2020,MARUTI.NS
31-03-2020,30-06-2020,MASFIN.NS
31-03-2020,30-06-2020,MASKINVEST.NS
31-03-2020,30-06-2020,MASTEK.NS
31-03-2020,30-06-2020,MATRIMONY.NS
31-03-2020,30-06-2020,MAWANASUG.NS
31-03-2020,30-06-2020,MAYURUNIQ.NS
31-03-2020,30-06-2020,MAZDA.NS
31-03-2020,30-06-2020,MBECL.NS
31-03-2020,30-06-2020,MBLINFRA.NS
31-03-2020,30-06-2020,MCDHOLDING.NS
31-03-2020,30-06-2020,MCDOWELL-N.NS
31-03-2020,30-06-2020,MCLEODRUSS.NS
31-03-2020,30-06-2020,MCX.NS
31-03-2020,30-06-2020,MEGASOFT.NS
31-03-2020,30-06-2020,MEGH.NS
31-03-2020,30-06-2020,MELSTAR.NS
31-03-2020,30-06-2020,MENONBE.NS
31-03-2020,30-06-2020,MEP.NS
31-03-2020,30-06-2020,MERCATOR.NS
31-03-2020,30-06-2020,MFSL.NS
31-03-2020,30-06-2020,MGL.NS
31-03-2020,30-06-2020,MHRIL.NS
31-03-2020,30-06-2020,MINDACORP.NS
31-03-2020,30-06-2020,MINDAIND.NS
31-03-2020,30-06-2020,MINDTECK.NS
31-03-2020,30-06-2020,MINDTREE.NS
31-03-2020,30-06-2020,MIRCELECTR.NS
31-03-2020,30-06-2020,MIRZAINT.NS
31-03-2020,30-06-2020,MMFL.NS
31-03-2020,30-06-2020,MMTC.NS
31-03-2020,30-06-2020,MOHITIND.NS
31-03-2020,30-06-2020,MOIL.NS
31-03-2020,30-06-2020,MOLDTECH.NS
31-03-2020,30-06-2020,MOLDTKPAC.NS
31-03-2020,30-06-2020,MONTECARLO.NS
31-03-2020,30-06-2020,MORARJEE.NS
31-03-2020,30-06-2020,MOREPENLAB.NS
31-03-2020,30-06-2020,MOTHERSUMI.NS
31-03-2020,30-06-2020,MOTILALOFS.NS
31-03-2020,30-06-2020,MOTOGENFIN.NS
31-03-2020,30-06-2020,MPHASIS.NS
31-03-2020,30-06-2020,MPSLTD.NS
31-03-2020,30-06-2020,MRF.NS
31-03-2020,30-06-2020,MRPL.NS
31-03-2020,30-06-2020,MSPL.NS
31-03-2020,30-06-2020,MTEDUCARE.NS
31-03-2020,30-06-2020,MTNL.NS
31-03-2020,30-06-2020,MUKANDENGG.NS
31-03-2020,30-06-2020,MUKANDLTD.NS
31-03-2020,30-06-2020,MUKTAARTS.NS
31-03-2020,30-06-2020,MUNJALAU.NS
31-03-2020,30-06-2020,MUNJALSHOW.NS
31-03-2020,30-06-2020,MURUDCERA.NS
31-03-2020,30-06-2020,MUTHOOTCAP.NS
31-03-2020,30-06-2020,MUTHOOTFIN.NS
31-03-2020,30-06-2020,NACLIND.NS
31-03-2020,30-06-2020,NAGAFERT.NS
31-03-2020,30-06-2020,NAGREEKCAP.NS
31-03-2020,30-06-2020,NAGREEKEXP.NS
31-03-2020,30-06-2020,NAHARINDUS.NS
31-03-2020,30-06-2020,NAHARPOLY.NS
31-03-2020,30-06-2020,NAHARSPING.NS
31-03-2020,30-06-2020,NATCOPHARM.NS
31-03-2020,30-06-2020,NATIONALUM.NS
31-03-2020,30-06-2020,NATNLSTEEL.NS
31-03-2020,30-06-2020,NAUKRI.NS
31-03-2020,30-06-2020,NAVINFLUOR.NS
31-03-2020,30-06-2020,NAVKARCORP.NS
31-03-2020,30-06-2020,NAVNETEDUL.NS
31-03-2020,30-06-2020,NBCC.NS
31-03-2020,30-06-2020,NBIFIN.NS
31-03-2020,30-06-2020,NBVENTURES.NS
31-03-2020,30-06-2020,NCC.NS
31-03-2020,30-06-2020,NCLIND.NS
31-03-2020,30-06-2020,NDL.NS
31-03-2020,30-06-2020,NECCLTD.NS
31-03-2020,30-06-2020,NECLIFE.NS
31-03-2020,30-06-2020,NELCAST.NS
31-03-2020,30-06-2020,NELCO.NS
31-03-2020,30-06-2020,NESCO.NS
31-03-2020,30-06-2020,NESTLEIND.NS
31-03-2020,30-06-2020,NETWORK18.NS
31-03-2020,30-06-2020,NEULANDLAB.NS
31-03-2020,30-06-2020,NEXTMEDIA.NS
31-03-2020,30-06-2020,NFL.NS
31-03-2020,30-06-2020,NH.NS
31-03-2020,30-06-2020,NHPC.NS
31-03-2020,30-06-2020,NIACL.NS
31-03-2020,30-06-2020,NIBL.NS
31-03-2020,30-06-2020,NIITLTD.NS
31-03-2020,30-06-2020,NILAINFRA.NS
31-03-2020,30-06-2020,NILKAMAL.NS
31-03-2020,30-06-2020,NIPPOBATRY.NS
31-03-2020,30-06-2020,NITCO.NS
31-03-2020,30-06-2020,NITINSPIN.NS
31-03-2020,30-06-2020,NKIND.NS
31-03-2020,30-06-2020,NLCINDIA.NS
31-03-2020,30-06-2020,NMDC.NS
31-03-2020,30-06-2020,NOCIL.NS
31-03-2020,30-06-2020,NOIDATOLL.NS
31-03-2020,30-06-2020,NORBTEAEXP.NS
31-03-2020,30-06-2020,NRAIL.NS
31-03-2020,30-06-2020,NRBBEARING.NS
31-03-2020,30-06-2020,NSIL.NS
31-03-2020,30-06-2020,NTPC.NS
31-03-2020,30-06-2020,OBEROIRLTY.NS
31-03-2020,30-06-2020,OCCL.NS
31-03-2020,30-06-2020,OFSS.NS
31-03-2020,30-06-2020,OIL.NS
31-03-2020,30-06-2020,OMAXAUTO.NS
31-03-2020,30-06-2020,OMAXE.NS
31-03-2020,30-06-2020,OMKARCHEM.NS
31-03-2020,30-06-2020,OMMETALS.NS
31-03-2020,30-06-2020,ONELIFECAP.NS
31-03-2020,30-06-2020,ONGC.NS
31-03-2020,30-06-2020,ONMOBILE.NS
31-03-2020,30-06-2020,ONWARDTEC.NS
31-03-2020,30-06-2020,OPTIEMUS.NS
31-03-2020,30-06-2020,OPTOCIRCUI.NS
31-03-2020,30-06-2020,ORBTEXP.NS
31-03-2020,30-06-2020,ORICONENT.NS
31-03-2020,30-06-2020,ORIENTABRA.NS
31-03-2020,30-06-2020,ORIENTALTL.NS
31-03-2020,30-06-2020,ORIENTBELL.NS
31-03-2020,30-06-2020,ORIENTCEM.NS
31-03-2020,30-06-2020,ORIENTHOT.NS
31-03-2020,30-06-2020,ORIENTLTD.NS
31-03-2020,30-06-2020,ORIENTPPR.NS
31-03-2020,30-06-2020,ORIENTREF.NS
31-03-2020,30-06-2020,ORTEL.NS
31-03-2020,30-06-2020,ORTINLABSS.NS
31-03-2020,30-06-2020,PAGEIND.NS
31-03-2020,30-06-2020,PALREDTEC.NS
31-03-2020,30-06-2020,PANACEABIO.NS
31-03-2020,30-06-2020,PANAMAPET.NS
31-03-2020,30-06-2020,PARAGMILK.NS
31-03-2020,30-06-2020,PARSVNATH.NS
31-03-2020,30-06-2020,PATELENG.NS
31-03-2020,30-06-2020,PATSPINLTD.NS
31-03-2020,30-06-2020,PCJEWELLER.NS
31-03-2020,30-06-2020,PDMJEPAPER.NS
31-03-2020,30-06-2020,PDPL.NS
31-03-2020,30-06-2020,PDSMFL.NS
31-03-2020,30-06-2020,PEARLPOLY.NS
31-03-2020,30-06-2020,PEL.NS
31-03-2020,30-06-2020,PENIND.NS
31-03-2020,30-06-2020,PENINLAND.NS
31-03-2020,30-06-2020,PERSISTENT.NS
31-03-2020,30-06-2020,PETRONET.NS
31-03-2020,30-06-2020,PFC.NS
31-03-2020,30-06-2020,PFIZER.NS
31-03-2020,30-06-2020,PFOCUS.NS
31-03-2020,30-06-2020,PFS.NS
31-03-2020,30-06-2020,PGEL.NS
31-03-2020,30-06-2020,PGHH.NS
31-03-2020,30-06-2020,PGIL.NS
31-03-2020,30-06-2020,PHILIPCARB.NS
31-03-2020,30-06-2020,PHOENIXLTD.NS
31-03-2020,30-06-2020,PIDILITIND.NS
31-03-2020,30-06-2020,PIIND.NS
31-03-2020,30-06-2020,PILANIINVS.NS
31-03-2020,30-06-2020,PILITA.NS
31-03-2020,30-06-2020,PIONDIST.NS
31-03-2020,30-06-2020,PIONEEREMB.NS
31-03-2020,30-06-2020,PKTEA.NS
31-03-2020,30-06-2020,PLASTIBLEN.NS
31-03-2020,30-06-2020,PNB.NS
31-03-2020,30-06-2020,PNBGILTS.NS
31-03-2020,30-06-2020,PNBHOUSING.NS
31-03-2020,30-06-2020,PNC.NS
31-03-2020,30-06-2020,PNCINFRA.NS
31-03-2020,30-06-2020,PODDARHOUS.NS
31-03-2020,30-06-2020,PODDARMENT.NS
31-03-2020,30-06-2020,POKARNA.NS
31-03-2020,30-06-2020,POLYMED.NS
31-03-2020,30-06-2020,POLYPLEX.NS
31-03-2020,30-06-2020,PONNIERODE.NS
31-03-2020,30-06-2020,POWERGRID.NS
31-03-2020,30-06-2020,POWERMECH.NS
31-03-2020,30-06-2020,PRABHAT.NS
31-03-2020,30-06-2020,PRADIP.NS
31-03-2020,30-06-2020,PRAENG.NS
31-03-2020,30-06-2020,PRAJIND.NS
31-03-2020,30-06-2020,PRAKASH.NS
31-03-2020,30-06-2020,PRECAM.NS
31-03-2020,30-06-2020,PRECOT.NS
31-03-2020,30-06-2020,PRECWIRE.NS
31-03-2020,30-06-2020,PREMEXPLN.NS
31-03-2020,30-06-2020,PREMIERPOL.NS
31-03-2020,30-06-2020,PRESSMN.NS
31-03-2020,30-06-2020,PRESTIGE.NS
31-03-2020,30-06-2020,PRICOLLTD.NS
31-03-2020,30-06-2020,PRIMESECU.NS
31-03-2020,30-06-2020,PROZONINTU.NS
31-03-2020,30-06-2020,PSB.NS
31-03-2020,30-06-2020,PSL.NS
31-03-2020,30-06-2020,PSPPROJECT.NS
31-03-2020,30-06-2020,PTC.NS
31-03-2020,30-06-2020,PTL.NS
31-03-2020,30-06-2020,PUNJABCHEM.NS
31-03-2020,30-06-2020,PVP.NS
31-03-2020,30-06-2020,PVR.NS
31-03-2020,30-06-2020,QUESS.NS
31-03-2020,30-06-2020,QUICKHEAL.NS
31-03-2020,30-06-2020,RADICO.NS
31-03-2020,30-06-2020,RADIOCITY.NS
31-03-2020,30-06-2020,RAIN.NS
31-03-2020,30-06-2020,RAJESHEXPO.NS
31-03-2020,30-06-2020,RAJSREESUG.NS
31-03-2020,30-06-2020,RAJTV.NS
31-03-2020,30-06-2020,RAJVIR.NS
31-03-2020,30-06-2020,RALLIS.NS
31-03-2020,30-06-2020,RAMANEWS.NS
31-03-2020,30-06-2020,RAMASTEEL.NS
31-03-2020,30-06-2020,RAMCOCEM.NS
31-03-2020,30-06-2020,RAMCOIND.NS
31-03-2020,30-06-2020,RAMCOSYS.NS
31-03-2020,30-06-2020,RAMKY.NS
31-03-2020,30-06-2020,RANASUG.NS
31-03-2020,30-06-2020,RANEENGINE.NS
31-03-2020,30-06-2020,RANEHOLDIN.NS
31-03-2020,30-06-2020,RATNAMANI.NS
31-03-2020,30-06-2020,RAYMOND.NS
31-03-2020,30-06-2020,RBL.NS
31-03-2020,30-06-2020,RBLBANK.NS
31-03-2020,30-06-2020,RCF.NS
31-03-2020,30-06-2020,RECLTD.NS
31-03-2020,30-06-2020,REDINGTON.NS
31-03-2020,30-06-2020,REFEX.NS
31-03-2020,30-06-2020,RELAXO.NS
31-03-2020,30-06-2020,RELCAPITAL.NS
31-03-2020,30-06-2020,RELIANCE.NS
31-03-2020,30-06-2020,RELIGARE.NS
31-03-2020,30-06-2020,RELINFRA.NS
31-03-2020,30-06-2020,REMSONSIND.NS
31-03-2020,30-06-2020,RENUKA.NS
31-03-2020,30-06-2020,REPCOHOME.NS
31-03-2020,30-06-2020,REPRO.NS
31-03-2020,30-06-2020,RESPONIND.NS
31-03-2020,30-06-2020,REVATHI.NS
31-03-2020,30-06-2020,RHFL.NS
31-03-2020,30-06-2020,RICOAUTO.NS
31-03-2020,30-06-2020,RIIL.NS
31-03-2020,30-06-2020,RKFORGE.NS
31-03-2020,30-06-2020,RML.NS
31-03-2020,30-06-2020,ROHLTD.NS
31-03-2020,30-06-2020,ROLLT.NS
31-03-2020,30-06-2020,ROLTA.NS
31-03-2020,30-06-2020,ROSSELLIND.NS
31-03-2020,30-06-2020,RPGLIFE.NS
31-03-2020,30-06-2020,RPOWER.NS
31-03-2020,30-06-2020,RPPINFRA.NS
31-03-2020,30-06-2020,RSSOFTWARE.NS
31-03-2020,30-06-2020,RSWM.NS
31-03-2020,30-06-2020,RSYSTEMS.NS
31-03-2020,30-06-2020,RTNPOWER.NS
31-03-2020,30-06-2020,RUBYMILLS.NS
31-03-2020,30-06-2020,RUCHINFRA.NS
31-03-2020,30-06-2020,RUPA.NS
31-03-2020,30-06-2020,RUSHIL.NS
31-03-2020,30-06-2020,SADBHAV.NS
31-03-2020,30-06-2020,SADBHIN.NS
31-03-2020,30-06-2020,SAGCEM.NS
31-03-2020,30-06-2020,SAIL.NS
31-03-2020,30-06-2020,SAKHTISUG.NS
31-03-2020,30-06-2020,SAKSOFT.NS
31-03-2020,30-06-2020,SAKUMA.NS
31-03-2020,30-06-2020,SALASAR.NS
31-03-2020,30-06-2020,SALONA.NS
31-03-2020,30-06-2020,SALSTEEL.NS
31-03-2020,30-06-2020,SALZERELEC.NS
31-03-2020,30-06-2020,SAMBHAAV.NS
31-03-2020,30-06-2020,SANDESH.NS
31-03-2020,30-06-2020,SANGAMIND.NS
31-03-2020,30-06-2020,SANGHIIND.NS
31-03-2020,30-06-2020,SANGHVIFOR.NS
31-03-2020,30-06-2020,SANGHVIMOV.NS
31-03-2020,30-06-2020,SANOFI.NS
31-03-2020,30-06-2020,SANWARIA.NS
31-03-2020,30-06-2020,SARDAEN.NS
31-03-2020,30-06-2020,SAREGAMA.NS
31-03-2020,30-06-2020,SARLAPOLY.NS
31-03-2020,30-06-2020,SASKEN.NS
31-03-2020,30-06-2020,SATHAISPAT.NS
31-03-2020,30-06-2020,SBILIFE.NS
31-03-2020,30-06-2020,SBIN.NS
31-03-2020,30-06-2020,SCAPDVR.NS
31-03-2020,30-06-2020,SCHAEFFLER.NS
31-03-2020,30-06-2020,SCHAND.NS
31-03-2020,30-06-2020,SCHNEIDER.NS
31-03-2020,30-06-2020,SCI.NS
31-03-2020,30-06-2020,SDBL.NS
31-03-2020,30-06-2020,SEAMECLTD.NS
31-03-2020,30-06-2020,SELAN.NS
31-03-2020,30-06-2020,SEPOWER.NS
31-03-2020,30-06-2020,SEQUENT.NS
31-03-2020,30-06-2020,SESHAPAPER.NS
31-03-2020,30-06-2020,SETCO.NS
31-03-2020,30-06-2020,SEZAL.NS
31-03-2020,30-06-2020,SFL.NS
31-03-2020,30-06-2020,SGL.NS
31-03-2020,30-06-2020,SHAHALLOYS.NS
31-03-2020,30-06-2020,SHAKTIPUMP.NS
31-03-2020,30-06-2020,SHALPAINTS.NS
31-03-2020,30-06-2020,SHANKARA.NS
31-03-2020,30-06-2020,SHANTIGEAR.NS
31-03-2020,30-06-2020,SHARDACROP.NS
31-03-2020,30-06-2020,SHARDAMOTR.NS
31-03-2020,30-06-2020,SHARONBIO.NS
31-03-2020,30-06-2020,SHEMAROO.NS
31-03-2020,30-06-2020,SHILPAMED.NS
31-03-2020,30-06-2020,SHIRPUR-G.NS
31-03-2020,30-06-2020,SHIVAMAUTO.NS
31-03-2020,30-06-2020,SHK.NS
31-03-2020,30-06-2020,SHOPERSTOP.NS
31-03-2020,30-06-2020,SHREECEM.NS
31-03-2020,30-06-2020,SHREEPUSHK.NS
31-03-2020,30-06-2020,SHREERAMA.NS
31-03-2020,30-06-2020,SHREYANIND.NS
31-03-2020,30-06-2020,SHREYAS.NS
31-03-2020,30-06-2020,SHRIPISTON.NS
31-03-2020,30-06-2020,SHRIRAMCIT.NS
31-03-2020,30-06-2020,SHRIRAMEPC.NS
31-03-2020,30-06-2020,SHYAMTEL.NS
31-03-2020,30-06-2020,SICAGEN.NS
31-03-2020,30-06-2020,SICAL.NS
31-03-2020,30-06-2020,SIEMENS.NS
31-03-2020,30-06-2020,SIL.NS
31-03-2020,30-06-2020,SILINV.NS
31-03-2020,30-06-2020,SIMBHALS.NS
31-03-2020,30-06-2020,SIMPLEXINF.NS
31-03-2020,30-06-2020,SINTEX.NS
31-03-2020,30-06-2020,SIS.NS
31-03-2020,30-06-2020,SITINET.NS
31-03-2020,30-06-2020,SIYSIL.NS
31-03-2020,30-06-2020,SJVN.NS
31-03-2020,30-06-2020,SKFINDIA.NS
31-03-2020,30-06-2020,SKIPPER.NS
31-03-2020,30-06-2020,SKMEGGPROD.NS
31-03-2020,30-06-2020,SMARTLINK.NS
31-03-2020,30-06-2020,SMLISUZU.NS
31-03-2020,30-06-2020,SMPL.NS
31-03-2020,30-06-2020,SMSLIFE.NS
31-03-2020,30-06-2020,SMSPHARMA.NS
31-03-2020,30-06-2020,SNOWMAN.NS
31-03-2020,30-06-2020,SOBHA.NS
31-03-2020,30-06-2020,SOLARINDS.NS
31-03-2020,30-06-2020,SOMANYCERA.NS
31-03-2020,30-06-2020,SOMATEX.NS
31-03-2020,30-06-2020,SOMICONVEY.NS
31-03-2020,30-06-2020,SONATSOFTW.NS
31-03-2020,30-06-2020,SORILINFRA.NS
31-03-2020,30-06-2020,SOTL.NS
31-03-2020,30-06-2020,SOUTHBANK.NS
31-03-2020,30-06-2020,SPAL.NS
31-03-2020,30-06-2020,SPARC.NS
31-03-2020,30-06-2020,SPECIALITY.NS
31-03-2020,30-06-2020,SPIC.NS
31-03-2020,30-06-2020,SPLIL.NS
31-03-2020,30-06-2020,SPMLINFRA.NS
31-03-2020,30-06-2020,SPTL.NS
31-03-2020,30-06-2020,SPYL.NS
31-03-2020,30-06-2020,SREEL.NS
31-03-2020,30-06-2020,SREINFRA.NS
31-03-2020,30-06-2020,SRF.NS
31-03-2020,30-06-2020,SRHHYPOLTD.NS
31-03-2020,30-06-2020,SRIPIPES.NS
31-03-2020,30-06-2020,SRTRANSFIN.NS
31-03-2020,30-06-2020,SSWL.NS
31-03-2020,30-06-2020,STAMPEDE.NS
31-03-2020,30-06-2020,STAR.NS
31-03-2020,30-06-2020,STARCEMENT.NS
31-03-2020,30-06-2020,STARPAPER.NS
31-03-2020,30-06-2020,STCINDIA.NS
31-03-2020,30-06-2020,STEELXIND.NS
31-03-2020,30-06-2020,STEL.NS
31-03-2020,30-06-2020,STERTOOLS.NS
31-03-2020,30-06-2020,SUBROS.NS
31-03-2020,30-06-2020,SUDARSCHEM.NS
31-03-2020,30-06-2020,SUJANAUNI.NS
31-03-2020,30-06-2020,SUMEETINDS.NS
31-03-2020,30-06-2020,SUMMITSEC.NS
31-03-2020,30-06-2020,SUNCLAYLTD.NS
31-03-2020,30-06-2020,SUNDARAM.NS
31-03-2020,30-06-2020,SUNDARMFIN.NS
31-03-2020,30-06-2020,SUNDRMBRAK.NS
31-03-2020,30-06-2020,SUNDRMFAST.NS
31-03-2020,30-06-2020,SATIN.NS
31-03-2020,30-06-2020,SUNPHARMA.NS
31-03-2020,30-06-2020,SUNTECK.NS
31-03-2020,30-06-2020,SUPERHOUSE.NS
31-03-2020,30-06-2020,SUPPETRO.NS
31-03-2020,30-06-2020,SUPRAJIT.NS
31-03-2020,30-06-2020,SUPREMEIND.NS
31-03-2020,30-06-2020,SURYALAXMI.NS
31-03-2020,30-06-2020,SURYAROSNI.NS
31-03-2020,30-06-2020,SUTLEJTEX.NS
31-03-2020,30-06-2020,SUVEN.NS
31-03-2020,30-06-2020,SUZLON.NS
31-03-2020,30-06-2020,SWARAJENG.NS
31-03-2020,30-06-2020,SWELECTES.NS
31-03-2020,30-06-2020,SYNGENE.NS
31-03-2020,30-06-2020,TALBROAUTO.NS
31-03-2020,30-06-2020,TARMAT.NS
31-03-2020,30-06-2020,TASTYBITE.NS
31-03-2020,30-06-2020,TATACHEM.NS
31-03-2020,30-06-2020,TATACOFFEE.NS
31-03-2020,30-06-2020,TATAINVEST.NS
31-03-2020,30-06-2020,TATAMETALI.NS
31-03-2020,30-06-2020,TATAMOTORS.NS
31-03-2020,30-06-2020,TATAMTRDVR.NS
31-03-2020,30-06-2020,TATAPOWER.NS
31-03-2020,30-06-2020,TATASTEEL.NS
31-03-2020,30-06-2020,TBZ.NS
31-03-2020,30-06-2020,TCPLPACK.NS
31-03-2020,30-06-2020,TCS.NS
31-03-2020,30-06-2020,TDPOWERSYS.NS
31-03-2020,30-06-2020,TEXINFRA.NS
31-03-2020,30-06-2020,TEXMOPIPES.NS
31-03-2020,30-06-2020,TEXRAIL.NS
31-03-2020,30-06-2020,TFCILTD.NS
31-03-2020,30-06-2020,TFL.NS
31-03-2020,30-06-2020,THANGAMAYL.NS
31-03-2020,30-06-2020,THEMISMED.NS
31-03-2020,30-06-2020,THERMAX.NS
31-03-2020,30-06-2020,THOMASCOTT.NS
31-03-2020,30-06-2020,TI.NS
31-03-2020,30-06-2020,TIDEWATER.NS
31-03-2020,30-06-2020,TIIL.NS
31-03-2020,30-06-2020,TIINDIA.NS
31-03-2020,30-06-2020,TIL.NS
31-03-2020,30-06-2020,TIMESGTY.NS
31-03-2020,30-06-2020,TIMETECHNO.NS
31-03-2020,30-06-2020,TIMKEN.NS
31-03-2020,30-06-2020,TINPLATE.NS
31-03-2020,30-06-2020,TIRUMALCHM.NS
31-03-2020,30-06-2020,TITAN.NS
31-03-2020,30-06-2020,TNPETRO.NS
31-03-2020,30-06-2020,TNPL.NS
31-03-2020,30-06-2020,TOKYOPLAST.NS
31-03-2020,30-06-2020,TORNTPHARM.NS
31-03-2020,30-06-2020,TORNTPOWER.NS
31-03-2020,30-06-2020,TRENT.NS
31-03-2020,30-06-2020,TRIDENT.NS
31-03-2020,30-06-2020,TRIL.NS
31-03-2020,30-06-2020,TRITURBINE.NS
31-03-2020,30-06-2020,TRIVENI.NS
31-03-2020,30-06-2020,TTKHLTCARE.NS
31-03-2020,30-06-2020,TTKPRESTIG.NS
31-03-2020,30-06-2020,TTL.NS
31-03-2020,30-06-2020,TV18BRDCST.NS
31-03-2020,30-06-2020,TVSELECT.NS
31-03-2020,30-06-2020,TVSMOTOR.NS
31-03-2020,30-06-2020,TVSSRICHAK.NS
31-03-2020,30-06-2020,TWL.NS
31-03-2020,30-06-2020,UBL.NS
31-03-2020,30-06-2020,UCALFUEL.NS
31-03-2020,30-06-2020,UCOBANK.NS
31-03-2020,30-06-2020,UFLEX.NS
31-03-2020,30-06-2020,UFO.NS
31-03-2020,30-06-2020,UGARSUGAR.NS
31-03-2020,30-06-2020,UJAAS.NS
31-03-2020,30-06-2020,UJJIVAN.NS
31-03-2020,30-06-2020,ULTRACEMCO.NS
31-03-2020,30-06-2020,UMANGDAIRY.NS
31-03-2020,30-06-2020,UNICHEMLAB.NS
31-03-2020,30-06-2020,UNIENTER.NS
31-03-2020,30-06-2020,UNIONBANK.NS
31-03-2020,30-06-2020,UNITEDTEA.NS
31-03-2020,30-06-2020,UNIVCABLES.NS
31-03-2020,30-06-2020,UPL.NS
31-03-2020,30-06-2020,USHAMART.NS
31-03-2020,30-06-2020,UTTAMSUGAR.NS
31-03-2020,30-06-2020,V2RETAIL.NS
31-03-2020,30-06-2020,VADILALIND.NS
31-03-2020,30-06-2020,VARDHACRLC.NS
31-03-2020,30-06-2020,VASWANI.NS
31-03-2020,30-06-2020,VBL.NS
31-03-2020,30-06-2020,VEDL.NS
31-03-2020,30-06-2020,VENKEYS.NS
31-03-2020,30-06-2020,VESUVIUS.NS
31-03-2020,30-06-2020,VETO.NS
31-03-2020,30-06-2020,VGUARD.NS
31-03-2020,30-06-2020,VHL.NS
31-03-2020,30-06-2020,VIDHIING.NS
31-03-2020,30-06-2020,VIMTALABS.NS
31-03-2020,30-06-2020,VINATIORGA.NS
31-03-2020,30-06-2020,VINDHYATEL.NS
31-03-2020,30-06-2020,VINYLINDIA.NS
31-03-2020,30-06-2020,VIPCLOTHNG.NS
31-03-2020,30-06-2020,VIPIND.NS
31-03-2020,30-06-2020,VIPULLTD.NS
31-03-2020,30-06-2020,VISAKAIND.NS
31-03-2020,30-06-2020,VISHNU.NS
31-03-2020,30-06-2020,VIVIMEDLAB.NS
31-03-2020,30-06-2020,VLSFINANCE.NS
31-03-2020,30-06-2020,VMART.NS
31-03-2020,30-06-2020,VOLTAMP.NS
31-03-2020,30-06-2020,VSSL.NS
31-03-2020,30-06-2020,VSTIND.NS
31-03-2020,30-06-2020,VSTTILLERS.NS
31-03-2020,30-06-2020,VTL.NS
31-03-2020,30-06-2020,WABCOINDIA.NS
31-03-2020,30-06-2020,WANBURY.NS
31-03-2020,30-06-2020,WEBELSOLAR.NS
31-03-2020,30-06-2020,WEIZMANIND.NS
31-03-2020,30-06-2020,WELCORP.NS
31-03-2020,30-06-2020,WELENT.NS
31-03-2020,30-06-2020,WELINV.NS
31-03-2020,30-06-2020,WELSPUNIND.NS
31-03-2020,30-06-2020,WENDT.NS
31-03-2020,30-06-2020,WHEELS.NS
31-03-2020,30-06-2020,WHIRLPOOL.NS
31-03-2020,30-06-2020,WINDMACHIN.NS
31-03-2020,30-06-2020,WIPL.NS
31-03-2020,30-06-2020,WONDERLA.NS
31-03-2020,30-06-2020,WSTCSTPAPR.NS
31-03-2020,30-06-2020,XPROINDIA.NS
31-03-2020,30-06-2020,YESBANK.NS
31-03-2020,30-06-2020,ZEEMEDIA.NS
31-03-2020,30-06-2020,ZENITHEXPO.NS
31-03-2020,30-06-2020,ZENTEC.NS
31-03-2020,30-06-2020,ZICOM.NS
31-03-2020,30-06-2020,ZODIACLOTH.NS
31-03-2020,30-06-2020,ZODJRDMKJ.NS
31-03-2020,30-06-2020,ZUARI.NS
31-03-2020,30-06-2020,ZUARIGLOB.NS
31-03-2020,30-06-2020,ZYDUSWELL.NS
30-06-2020,30-09-2020,20MICRONS.NS
30-06-2020,30-09-2020,3IINFOTECH.NS
30-06-2020,30-09-2020,3MINDIA.NS
30-06-2020,30-09-2020,5PAISA.NS
30-06-2020,30-09-2020,A2ZINFRA.NS
30-06-2020,30-09-2020,AARTIDRUGS.NS
30-06-2020,30-09-2020,AARTIIND.NS
30-06-2020,30-09-2020,ABAN.NS
30-06-2020,30-09-2020,ABB.NS
30-06-2020,30-09-2020,ABBOTINDIA.NS
30-06-2020,30-09-2020,ABCAPITAL.NS
30-06-2020,30-09-2020,ABFRL.NS
30-06-2020,30-09-2020,ABMINTLTD.NS
30-06-2020,30-09-2020,ACC.NS
30-06-2020,30-09-2020,ACCELYA.NS
30-06-2020,30-09-2020,ACE.NS
30-06-2020,30-09-2020,ADANIPORTS.NS
30-06-2020,30-09-2020,ADANIPOWER.NS
30-06-2020,30-09-2020,ADANITRANS.NS
30-06-2020,30-09-2020,ADFFOODS.NS
30-06-2020,30-09-2020,ADHUNIKIND.NS
30-06-2020,30-09-2020,ADORWELD.NS
30-06-2020,30-09-2020,ADSL.NS
30-06-2020,30-09-2020,ADVANIHOTR.NS
30-06-2020,30-09-2020,ADVENZYMES.NS
30-06-2020,30-09-2020,AEGISCHEM.NS
30-06-2020,30-09-2020,AGARIND.NS
30-06-2020,30-09-2020,AGCNET.NS
30-06-2020,30-09-2020,AHLUCONT.NS
30-06-2020,30-09-2020,AHLWEST.NS
30-06-2020,30-09-2020,AIAENG.NS
30-06-2020,30-09-2020,AJANTPHARM.NS
30-06-2020,30-09-2020,AKSHARCHEM.NS
30-06-2020,30-09-2020,AKSHOPTFBR.NS
30-06-2020,30-09-2020,AKZOINDIA.NS
30-06-2020,30-09-2020,ALANKIT.NS
30-06-2020,30-09-2020,ALBERTDAVD.NS
30-06-2020,30-09-2020,ALCHEM.NS
30-06-2020,30-09-2020,ALEMBICLTD.NS
30-06-2020,30-09-2020,ALICON.NS
30-06-2020,30-09-2020,ALKALI.NS
30-06-2020,30-09-2020,ALKEM.NS
30-06-2020,30-09-2020,ALKYLAMINE.NS
30-06-2020,30-09-2020,ALLCARGO.NS
30-06-2020,30-09-2020,ALLSEC.NS
30-06-2020,30-09-2020,ALPA.NS
30-06-2020,30-09-2020,ALPSINDUS.NS
30-06-2020,30-09-2020,AMARAJABAT.NS
30-06-2020,30-09-2020,AMBIKCO.NS
30-06-2020,30-09-2020,AMBUJACEM.NS
30-06-2020,30-09-2020,AMDIND.NS
30-06-2020,30-09-2020,AMRUTANJAN.NS
30-06-2020,30-09-2020,ANANTRAJ.NS
30-06-2020,30-09-2020,ANDHRSUGAR.NS
30-06-2020,30-09-2020,ANIKINDS.NS
30-06-2020,30-09-2020,ANSALHSG.NS
30-06-2020,30-09-2020,APARINDS.NS
30-06-2020,30-09-2020,APCL.NS
30-06-2020,30-09-2020,APCOTEXIND.NS
30-06-2020,30-09-2020,APEX.NS
30-06-2020,30-09-2020,APLAPOLLO.NS
30-06-2020,30-09-2020,APLLTD.NS
30-06-2020,30-09-2020,APOLLOHOSP.NS
30-06-2020,30-09-2020,APOLLOTYRE.NS
30-06-2020,30-09-2020,APOLSINHOT.NS
30-06-2020,30-09-2020,APTECHT.NS
30-06-2020,30-09-2020,ARCHIDPLY.NS
30-06-2020,30-09-2020,ARCHIES.NS
30-06-2020,30-09-2020,ARCOTECH.NS
30-06-2020,30-09-2020,ARIES.NS
30-06-2020,30-09-2020,ARIHANT.NS
30-06-2020,30-09-2020,ARIHANTSUP.NS
30-06-2020,30-09-2020,ARMANFIN.NS
30-06-2020,30-09-2020,AROGRANITE.NS
30-06-2020,30-09-2020,ARROWGREEN.NS
30-06-2020,30-09-2020,ARSHIYA.NS
30-06-2020,30-09-2020,ARSSINFRA.NS
30-06-2020,30-09-2020,ARVIND.NS
30-06-2020,30-09-2020,ARVSMART.NS
30-06-2020,30-09-2020,ASAHIINDIA.NS
30-06-2020,30-09-2020,ASAHISONG.NS
30-06-2020,30-09-2020,ASAL.NS
30-06-2020,30-09-2020,ASHAPURMIN.NS
30-06-2020,30-09-2020,ASHIANA.NS
30-06-2020,30-09-2020,ASHIMASYN.NS
30-06-2020,30-09-2020,ASHOKA.NS
30-06-2020,30-09-2020,ASHOKLEY.NS
30-06-2020,30-09-2020,ASIANPAINT.NS
30-06-2020,30-09-2020,ASIANTILES.NS
30-06-2020,30-09-2020,ASTEC.NS
30-06-2020,30-09-2020,ASTRAL.NS
30-06-2020,30-09-2020,ASTRAMICRO.NS
30-06-2020,30-09-2020,ASTRAZEN.NS
30-06-2020,30-09-2020,ATFL.NS
30-06-2020,30-09-2020,ATLANTA.NS
30-06-2020,30-09-2020,ATUL.NS
30-06-2020,30-09-2020,ATULAUTO.NS
30-06-2020,30-09-2020,AUBANK.NS
30-06-2020,30-09-2020,AURIONPRO.NS
30-06-2020,30-09-2020,AUROPHARMA.NS
30-06-2020,30-09-2020,AUSOMENT.NS
30-06-2020,30-09-2020,AUTOAXLES.NS
30-06-2020,30-09-2020,AUTOIND.NS
30-06-2020,30-09-2020,AVADHSUGAR.NS
30-06-2020,30-09-2020,AVANTIFEED.NS
30-06-2020,30-09-2020,AVTNPL.NS
30-06-2020,30-09-2020,AXISBANK.NS
30-06-2020,30-09-2020,AXISCADES.NS
30-06-2020,30-09-2020,AYMSYNTEX.NS
30-06-2020,30-09-2020,BAGFILMS.NS
30-06-2020,30-09-2020,BAJAJ-AUTO.NS
30-06-2020,30-09-2020,BAJAJELEC.NS
30-06-2020,30-09-2020,BAJAJFINSV.NS
30-06-2020,30-09-2020,BAJAJHIND.NS
30-06-2020,30-09-2020,BAJAJHLDNG.NS
30-06-2020,30-09-2020,BAJFINANCE.NS
30-06-2020,30-09-2020,BALAJITELE.NS
30-06-2020,30-09-2020,BALAMINES.NS
30-06-2020,30-09-2020,BALAXI.NS
30-06-2020,30-09-2020,BALKRISHNA.NS
30-06-2020,30-09-2020,BALKRISIND.NS
30-06-2020,30-09-2020,BALMLAWRIE.NS
30-06-2020,30-09-2020,BALPHARMA.NS
30-06-2020,30-09-2020,BALRAMCHIN.NS
30-06-2020,30-09-2020,BANARBEADS.NS
30-06-2020,30-09-2020,BANARISUG.NS
30-06-2020,30-09-2020,BANCOINDIA.NS
30-06-2020,30-09-2020,BANG.NS
30-06-2020,30-09-2020,BANKBARODA.NS
30-06-2020,30-09-2020,BANKINDIA.NS
30-06-2020,30-09-2020,BANSWRAS.NS
30-06-2020,30-09-2020,BASF.NS
30-06-2020,30-09-2020,BASML.NS
30-06-2020,30-09-2020,BATAINDIA.NS
30-06-2020,30-09-2020,BAYERCROP.NS
30-06-2020,30-09-2020,BBL.NS
30-06-2020,30-09-2020,BBTC.NS
30-06-2020,30-09-2020,BEARDSELL.NS
30-06-2020,30-09-2020,BEDMUTHA.NS
30-06-2020,30-09-2020,BEL.NS
30-06-2020,30-09-2020,BEML.NS
30-06-2020,30-09-2020,BEPL.NS
30-06-2020,30-09-2020,BERGEPAINT.NS
30-06-2020,30-09-2020,BFINVEST.NS
30-06-2020,30-09-2020,BFUTILITIE.NS
30-06-2020,30-09-2020,BGLOBAL.NS
30-06-2020,30-09-2020,BGRENERGY.NS
30-06-2020,30-09-2020,BHAGERIA.NS
30-06-2020,30-09-2020,BHAGYANGR.NS
30-06-2020,30-09-2020,BHAGYAPROP.NS
30-06-2020,30-09-2020,BHANDARI.NS
30-06-2020,30-09-2020,BHARATFORG.NS
30-06-2020,30-09-2020,BHARATGEAR.NS
30-06-2020,30-09-2020,BHARATRAS.NS
30-06-2020,30-09-2020,BHARATWIRE.NS
30-06-2020,30-09-2020,BHEL.NS
30-06-2020,30-09-2020,BIGBLOC.NS
30-06-2020,30-09-2020,BIL.NS
30-06-2020,30-09-2020,BINANIIND.NS
30-06-2020,30-09-2020,BINDALAGRO.NS
30-06-2020,30-09-2020,BIOCON.NS
30-06-2020,30-09-2020,BIOFILCHEM.NS
30-06-2020,30-09-2020,BIRLACABLE.NS
30-06-2020,30-09-2020,BIRLACORPN.NS
30-06-2020,30-09-2020,BIRLAMONEY.NS
30-06-2020,30-09-2020,BLBLIMITED.NS
30-06-2020,30-09-2020,BLS.NS
30-06-2020,30-09-2020,BLUEDART.NS
30-06-2020,30-09-2020,BLUESTARCO.NS
30-06-2020,30-09-2020,BODALCHEM.NS
30-06-2020,30-09-2020,BOMDYEING.NS
30-06-2020,30-09-2020,BOSCHLTD.NS
30-06-2020,30-09-2020,BPCL.NS
30-06-2020,30-09-2020,BPL.NS
30-06-2020,30-09-2020,BRFL.NS
30-06-2020,30-09-2020,BRIGADE.NS
30-06-2020,30-09-2020,BRITANNIA.NS
30-06-2020,30-09-2020,BRNL.NS
30-06-2020,30-09-2020,BROOKS.NS
30-06-2020,30-09-2020,BSE.NS
30-06-2020,30-09-2020,BSL.NS
30-06-2020,30-09-2020,BURNPUR.NS
30-06-2020,30-09-2020,BUTTERFLY.NS
30-06-2020,30-09-2020,BVCL.NS
30-06-2020,30-09-2020,BYKE.NS
30-06-2020,30-09-2020,CADILAHC.NS
30-06-2020,30-09-2020,CALSOFT.NS
30-06-2020,30-09-2020,CAMLINFINE.NS
30-06-2020,30-09-2020,CANBK.NS
30-06-2020,30-09-2020,CANTABIL.NS
30-06-2020,30-09-2020,CAPACITE.NS
30-06-2020,30-09-2020,CAPLIPOINT.NS
30-06-2020,30-09-2020,CAPTRUST.NS
30-06-2020,30-09-2020,CARBORUNIV.NS
30-06-2020,30-09-2020,CAREERP.NS
30-06-2020,30-09-2020,CARERATING.NS
30-06-2020,30-09-2020,CASTEXTECH.NS
30-06-2020,30-09-2020,CASTROLIND.NS
30-06-2020,30-09-2020,CCCL.NS
30-06-2020,30-09-2020,CCHHL.NS
30-06-2020,30-09-2020,CCL.NS
30-06-2020,30-09-2020,CDSL.NS
30-06-2020,30-09-2020,CEATLTD.NS
30-06-2020,30-09-2020,CEBBCO.NS
30-06-2020,30-09-2020,CELEBRITY.NS
30-06-2020,30-09-2020,CENTENKA.NS
30-06-2020,30-09-2020,CENTEXT.NS
30-06-2020,30-09-2020,CENTRALBK.NS
30-06-2020,30-09-2020,CENTUM.NS
30-06-2020,30-09-2020,CENTURYPLY.NS
30-06-2020,30-09-2020,CENTURYTEX.NS
30-06-2020,30-09-2020,CERA.NS
30-06-2020,30-09-2020,CEREBRAINT.NS
30-06-2020,30-09-2020,CESC.NS
30-06-2020,30-09-2020,CGCL.NS
30-06-2020,30-09-2020,CGPOWER.NS
30-06-2020,30-09-2020,CHAMBLFERT.NS
30-06-2020,30-09-2020,CHENNPETRO.NS
30-06-2020,30-09-2020,CHOLAFIN.NS
30-06-2020,30-09-2020,CHROMATIC.NS
30-06-2020,30-09-2020,CIGNITITEC.NS
30-06-2020,30-09-2020,CINELINE.NS
30-06-2020,30-09-2020,CIPLA.NS
30-06-2020,30-09-2020,CLEDUCATE.NS
30-06-2020,30-09-2020,CLNINDIA.NS
30-06-2020,30-09-2020,CMICABLES.NS
30-06-2020,30-09-2020,CNOVAPETRO.NS
30-06-2020,30-09-2020,COALINDIA.NS
30-06-2020,30-09-2020,COCHINSHIP.NS
30-06-2020,30-09-2020,COLPAL.NS
30-06-2020,30-09-2020,COMPINFO.NS
30-06-2020,30-09-2020,COMPUSOFT.NS
30-06-2020,30-09-2020,CONCOR.NS
30-06-2020,30-09-2020,CONSOFINVT.NS
30-06-2020,30-09-2020,CONTROLPR.NS
30-06-2020,30-09-2020,CORALFINAC.NS
30-06-2020,30-09-2020,CORDSCABLE.NS
30-06-2020,30-09-2020,COROMANDEL.NS
30-06-2020,30-09-2020,COSMOFILMS.NS
30-06-2020,30-09-2020,COUNCODOS.NS
30-06-2020,30-09-2020,CREATIVEYE.NS
30-06-2020,30-09-2020,CREST.NS
30-06-2020,30-09-2020,CRISIL.NS
30-06-2020,30-09-2020,CROMPTON.NS
30-06-2020,30-09-2020,CUB.NS
30-06-2020,30-09-2020,CUBEXTUB.NS
30-06-2020,30-09-2020,CUMMINSIND.NS
30-06-2020,30-09-2020,CUPID.NS
30-06-2020,30-09-2020,CYBERMEDIA.NS
30-06-2020,30-09-2020,CYBERTECH.NS
30-06-2020,30-09-2020,CYIENT.NS
30-06-2020,30-09-2020,DAAWAT.NS
30-06-2020,30-09-2020,DABUR.NS
30-06-2020,30-09-2020,DALMIASUG.NS
30-06-2020,30-09-2020,DAMODARIND.NS
30-06-2020,30-09-2020,DATAMATICS.NS
30-06-2020,30-09-2020,DBCORP.NS
30-06-2020,30-09-2020,DBL.NS
30-06-2020,30-09-2020,DCAL.NS
30-06-2020,30-09-2020,DCBBANK.NS
30-06-2020,30-09-2020,DCM.NS
30-06-2020,30-09-2020,DCMSHRIRAM.NS
30-06-2020,30-09-2020,DCW.NS
30-06-2020,30-09-2020,DECCANCE.NS
30-06-2020,30-09-2020,DEEPAKFERT.NS
30-06-2020,30-09-2020,DEEPAKNTR.NS
30-06-2020,30-09-2020,DELTACORP.NS
30-06-2020,30-09-2020,DELTAMAGNT.NS
30-06-2020,30-09-2020,DEN.NS
30-06-2020,30-09-2020,DENORA.NS
30-06-2020,30-09-2020,DFMFOODS.NS
30-06-2020,30-09-2020,DHAMPURSUG.NS
30-06-2020,30-09-2020,DHANBANK.NS
30-06-2020,30-09-2020,DHANUKA.NS
30-06-2020,30-09-2020,DHARSUGAR.NS
30-06-2020,30-09-2020,DHFL.NS
30-06-2020,30-09-2020,DHUNINV.NS
30-06-2020,30-09-2020,DIAMONDYD.NS
30-06-2020,30-09-2020,DICIND.NS
30-06-2020,30-09-2020,DISHTV.NS
30-06-2020,30-09-2020,DIVISLAB.NS
30-06-2020,30-09-2020,DIXON.NS
30-06-2020,30-09-2020,DLINKINDIA.NS
30-06-2020,30-09-2020,DMART.NS
30-06-2020,30-09-2020,DOLLAR.NS
30-06-2020,30-09-2020,DONEAR.NS
30-06-2020,30-09-2020,DPSCLTD.NS
30-06-2020,30-09-2020,DREDGECORP.NS
30-06-2020,30-09-2020,DRREDDY.NS
30-06-2020,30-09-2020,DSSL.NS
30-06-2020,30-09-2020,DTIL.NS
30-06-2020,30-09-2020,DWARKESH.NS
30-06-2020,30-09-2020,DYNAMATECH.NS
30-06-2020,30-09-2020,EASTSILK.NS
30-06-2020,30-09-2020,ECLERX.NS
30-06-2020,30-09-2020,EDELWEISS.NS
30-06-2020,30-09-2020,EICHERMOT.NS
30-06-2020,30-09-2020,EIDPARRY.NS
30-06-2020,30-09-2020,EIHAHOTELS.NS
30-06-2020,30-09-2020,EIHOTEL.NS
30-06-2020,30-09-2020,EIMCOELECO.NS
30-06-2020,30-09-2020,EKC.NS
30-06-2020,30-09-2020,ELECON.NS
30-06-2020,30-09-2020,ELECTCAST.NS
30-06-2020,30-09-2020,ELECTHERM.NS
30-06-2020,30-09-2020,ELGIEQUIP.NS
30-06-2020,30-09-2020,ELGIRUBCO.NS
30-06-2020,30-09-2020,EMAMILTD.NS
30-06-2020,30-09-2020,EMKAY.NS
30-06-2020,30-09-2020,EMMBI.NS
30-06-2020,30-09-2020,ENDURANCE.NS
30-06-2020,30-09-2020,ENERGYDEV.NS
30-06-2020,30-09-2020,ENGINERSIN.NS
30-06-2020,30-09-2020,ENIL.NS
30-06-2020,30-09-2020,EQUITAS.NS
30-06-2020,30-09-2020,ERIS.NS
30-06-2020,30-09-2020,ESABINDIA.NS
30-06-2020,30-09-2020,ESCORTS.NS
30-06-2020,30-09-2020,ESSARSHPNG.NS
30-06-2020,30-09-2020,ESTER.NS
30-06-2020,30-09-2020,EUROMULTI.NS
30-06-2020,30-09-2020,EUROTEXIND.NS
30-06-2020,30-09-2020,EVEREADY.NS
30-06-2020,30-09-2020,EVERESTIND.NS
30-06-2020,30-09-2020,EXCEL.NS
30-06-2020,30-09-2020,EXCELINDUS.NS
30-06-2020,30-09-2020,FACT.NS
30-06-2020,30-09-2020,FCL.NS
30-06-2020,30-09-2020,FCONSUMER.NS
30-06-2020,30-09-2020,FDC.NS
30-06-2020,30-09-2020,FEDERALBNK.NS
30-06-2020,30-09-2020,FEL.NS
30-06-2020,30-09-2020,FELDVR.NS
30-06-2020,30-09-2020,FIEMIND.NS
30-06-2020,30-09-2020,FILATEX.NS
30-06-2020,30-09-2020,FINPIPE.NS
30-06-2020,30-09-2020,FLEXITUFF.NS
30-06-2020,30-09-2020,FLFL.NS
30-06-2020,30-09-2020,FMGOETZE.NS
30-06-2020,30-09-2020,FMNL.NS
30-06-2020,30-09-2020,FORTIS.NS
30-06-2020,30-09-2020,FOSECOIND.NS
30-06-2020,30-09-2020,FRETAIL.NS
30-06-2020,30-09-2020,FSL.NS
30-06-2020,30-09-2020,GABRIEL.NS
30-06-2020,30-09-2020,GAEL.NS
30-06-2020,30-09-2020,GAIL.NS
30-06-2020,30-09-2020,GAL.NS
30-06-2020,30-09-2020,GAMMNINFRA.NS
30-06-2020,30-09-2020,GANDHITUBE.NS
30-06-2020,30-09-2020,GANECOS.NS
30-06-2020,30-09-2020,GANESHHOUC.NS
30-06-2020,30-09-2020,GARDENSILK.NS
30-06-2020,30-09-2020,GAYAPROJ.NS
30-06-2020,30-09-2020,GDL.NS
30-06-2020,30-09-2020,GEECEE.NS
30-06-2020,30-09-2020,GENESYS.NS
30-06-2020,30-09-2020,GENUSPAPER.NS
30-06-2020,30-09-2020,GENUSPOWER.NS
30-06-2020,30-09-2020,GEOJITFSL.NS
30-06-2020,30-09-2020,GEPIL.NS
30-06-2020,30-09-2020,GESHIP.NS
30-06-2020,30-09-2020,GHCL.NS
30-06-2020,30-09-2020,GICHSGFIN.NS
30-06-2020,30-09-2020,GICRE.NS
30-06-2020,30-09-2020,GILLANDERS.NS
30-06-2020,30-09-2020,GILLETTE.NS
30-06-2020,30-09-2020,GINNIFILA.NS
30-06-2020,30-09-2020,GIPCL.NS
30-06-2020,30-09-2020,GISOLUTION.NS
30-06-2020,30-09-2020,GKWLIMITED.NS
30-06-2020,30-09-2020,GLAXO.NS
30-06-2020,30-09-2020,GLENMARK.NS
30-06-2020,30-09-2020,GLFL.NS
30-06-2020,30-09-2020,GLOBALVECT.NS
30-06-2020,30-09-2020,GLOBOFFS.NS
30-06-2020,30-09-2020,GLOBUSSPR.NS
30-06-2020,30-09-2020,GMBREW.NS
30-06-2020,30-09-2020,GMDCLTD.NS
30-06-2020,30-09-2020,GNA.NS
30-06-2020,30-09-2020,GNFC.NS
30-06-2020,30-09-2020,GOACARBON.NS
30-06-2020,30-09-2020,GOCLCORP.NS
30-06-2020,30-09-2020,GODFRYPHLP.NS
30-06-2020,30-09-2020,GODREJAGRO.NS
30-06-2020,30-09-2020,GODREJCP.NS
30-06-2020,30-09-2020,GODREJIND.NS
30-06-2020,30-09-2020,GODREJPROP.NS
30-06-2020,30-09-2020,GOKUL.NS
30-06-2020,30-09-2020,GOKULAGRO.NS
30-06-2020,30-09-2020,GOLDENTOBC.NS
30-06-2020,30-09-2020,GOLDIAM.NS
30-06-2020,30-09-2020,GOLDTECH.NS
30-06-2020,30-09-2020,GOODLUCK.NS
30-06-2020,30-09-2020,GPIL.NS
30-06-2020,30-09-2020,GPPL.NS
30-06-2020,30-09-2020,GPTINFRA.NS
30-06-2020,30-09-2020,GRANULES.NS
30-06-2020,30-09-2020,GRAPHITE.NS
30-06-2020,30-09-2020,GRASIM.NS
30-06-2020,30-09-2020,GRAVITA.NS
30-06-2020,30-09-2020,GREAVESCOT.NS
30-06-2020,30-09-2020,GREENLAM.NS
30-06-2020,30-09-2020,GREENPLY.NS
30-06-2020,30-09-2020,GREENPOWER.NS
30-06-2020,30-09-2020,GRINDWELL.NS
30-06-2020,30-09-2020,GROBTEA.NS
30-06-2020,30-09-2020,GRPLTD.NS
30-06-2020,30-09-2020,GSCLCEMENT.NS
30-06-2020,30-09-2020,GSFC.NS
30-06-2020,30-09-2020,GSPL.NS
30-06-2020,30-09-2020,GTL.NS
30-06-2020,30-09-2020,GTLINFRA.NS
30-06-2020,30-09-2020,GTNIND.NS
30-06-2020,30-09-2020,GTNTEX.NS
30-06-2020,30-09-2020,GTPL.NS
30-06-2020,30-09-2020,GUFICBIO.NS
30-06-2020,30-09-2020,GUJALKALI.NS
30-06-2020,30-09-2020,GUJAPOLLO.NS
30-06-2020,30-09-2020,GUJGASLTD.NS
30-06-2020,30-09-2020,GUJRAFFIA.NS
30-06-2020,30-09-2020,GULFOILLUB.NS
30-06-2020,30-09-2020,GULFPETRO.NS
30-06-2020,30-09-2020,GULPOLY.NS
30-06-2020,30-09-2020,HARITASEAT.NS
30-06-2020,30-09-2020,HARRMALAYA.NS
30-06-2020,30-09-2020,HATHWAY.NS
30-06-2020,30-09-2020,HATSUN.NS
30-06-2020,30-09-2020,HAVELLS.NS
30-06-2020,30-09-2020,HBLPOWER.NS
30-06-2020,30-09-2020,HCC.NS
30-06-2020,30-09-2020,HCG.NS
30-06-2020,30-09-2020,HCL-INSYS.NS
30-06-2020,30-09-2020,HDFC.NS
30-06-2020,30-09-2020,HDFCBANK.NS
30-06-2020,30-09-2020,HDFCLIFE.NS
30-06-2020,30-09-2020,HEG.NS
30-06-2020,30-09-2020,HEIDELBERG.NS
30-06-2020,30-09-2020,HERCULES.NS
30-06-2020,30-09-2020,HERITGFOOD.NS
30-06-2020,30-09-2020,HEROMOTOCO.NS
30-06-2020,30-09-2020,HESTERBIO.NS
30-06-2020,30-09-2020,HEXATRADEX.NS
30-06-2020,30-09-2020,HFCL.NS
30-06-2020,30-09-2020,HGS.NS
30-06-2020,30-09-2020,HIKAL.NS
30-06-2020,30-09-2020,HIL.NS
30-06-2020,30-09-2020,HILTON.NS
30-06-2020,30-09-2020,HIMATSEIDE.NS
30-06-2020,30-09-2020,HINDALCO.NS
30-06-2020,30-09-2020,HINDCOMPOS.NS
30-06-2020,30-09-2020,HINDCOPPER.NS
30-06-2020,30-09-2020,HINDMOTORS.NS
30-06-2020,30-09-2020,HINDNATGLS.NS
30-06-2020,30-09-2020,HINDOILEXP.NS
30-06-2020,30-09-2020,HINDPETRO.NS
30-06-2020,30-09-2020,HINDUNILVR.NS
30-06-2020,30-09-2020,HINDZINC.NS
30-06-2020,30-09-2020,HIRECT.NS
30-06-2020,30-09-2020,HISARMETAL.NS
30-06-2020,30-09-2020,HITECHCORP.NS
30-06-2020,30-09-2020,HITECHGEAR.NS
30-06-2020,30-09-2020,HMT.NS
30-06-2020,30-09-2020,HMVL.NS
30-06-2020,30-09-2020,HONAUT.NS
30-06-2020,30-09-2020,HONDAPOWER.NS
30-06-2020,30-09-2020,HPL.NS
30-06-2020,30-09-2020,HSCL.NS
30-06-2020,30-09-2020,HSIL.NS
30-06-2020,30-09-2020,HTMEDIA.NS
30-06-2020,30-09-2020,HUBTOWN.NS
30-06-2020,30-09-2020,HUDCO.NS
30-06-2020,30-09-2020,IBREALEST.NS
30-06-2020,30-09-2020,IBULHSGFIN.NS
30-06-2020,30-09-2020,ICICIBANK.NS
30-06-2020,30-09-2020,ICICIGI.NS
30-06-2020,30-09-2020,ICICIPRULI.NS
30-06-2020,30-09-2020,ICIL.NS
30-06-2020,30-09-2020,ICRA.NS
30-06-2020,30-09-2020,IDBI.NS
30-06-2020,30-09-2020,IDEA.NS
30-06-2020,30-09-2020,IDFC.NS
30-06-2020,30-09-2020,IEX.NS
30-06-2020,30-09-2020,IFBAGRO.NS
30-06-2020,30-09-2020,IFBIND.NS
30-06-2020,30-09-2020,IFCI.NS
30-06-2020,30-09-2020,IGARASHI.NS
30-06-2020,30-09-2020,IGL.NS
30-06-2020,30-09-2020,IGPL.NS
30-06-2020,30-09-2020,IIFL.NS
30-06-2020,30-09-2020,IITL.NS
30-06-2020,30-09-2020,IMFA.NS
30-06-2020,30-09-2020,IMPAL.NS
30-06-2020,30-09-2020,INDBANK.NS
30-06-2020,30-09-2020,INDIACEM.NS
30-06-2020,30-09-2020,INDIAGLYCO.NS
30-06-2020,30-09-2020,INDIANB.NS
30-06-2020,30-09-2020,INDIANCARD.NS
30-06-2020,30-09-2020,INDIANHUME.NS
30-06-2020,30-09-2020,INDIGO.NS
30-06-2020,30-09-2020,INDLMETER.NS
30-06-2020,30-09-2020,INDNIPPON.NS
30-06-2020,30-09-2020,INDOCO.NS
30-06-2020,30-09-2020,INDORAMA.NS
30-06-2020,30-09-2020,INDOTECH.NS
30-06-2020,30-09-2020,INDOTHAI.NS
30-06-2020,30-09-2020,INDOWIND.NS
30-06-2020,30-09-2020,INDRAMEDCO.NS
30-06-2020,30-09-2020,INDSWFTLAB.NS
30-06-2020,30-09-2020,INDSWFTLTD.NS
30-06-2020,30-09-2020,INDTERRAIN.NS
30-06-2020,30-09-2020,INDUSINDBK.NS
30-06-2020,30-09-2020,INEOSSTYRO.NS
30-06-2020,30-09-2020,INFIBEAM.NS
30-06-2020,30-09-2020,INGERRAND.NS
30-06-2020,30-09-2020,INOXLEISUR.NS
30-06-2020,30-09-2020,INOXWIND.NS
30-06-2020,30-09-2020,INSECTICID.NS
30-06-2020,30-09-2020,INTELLECT.NS
30-06-2020,30-09-2020,INTENTECH.NS
30-06-2020,30-09-2020,INVENTURE.NS
30-06-2020,30-09-2020,IOB.NS
30-06-2020,30-09-2020,IOC.NS
30-06-2020,30-09-2020,IOLCP.NS
30-06-2020,30-09-2020,IPCALAB.NS
30-06-2020,30-09-2020,IRB.NS
30-06-2020,30-09-2020,ISMTLTD.NS
30-06-2020,30-09-2020,ITC.NS
30-06-2020,30-09-2020,ITDCEM.NS
30-06-2020,30-09-2020,ITI.NS
30-06-2020,30-09-2020,IVC.NS
30-06-2020,30-09-2020,IVP.NS
30-06-2020,30-09-2020,IZMO.NS
30-06-2020,30-09-2020,JAGRAN.NS
30-06-2020,30-09-2020,JAIBALAJI.NS
30-06-2020,30-09-2020,JAICORPLTD.NS
30-06-2020,30-09-2020,JAMNAAUTO.NS
30-06-2020,30-09-2020,JAYAGROGN.NS
30-06-2020,30-09-2020,JAYBARMARU.NS
30-06-2020,30-09-2020,JAYNECOIND.NS
30-06-2020,30-09-2020,JAYSREETEA.NS
30-06-2020,30-09-2020,JBCHEPHARM.NS
30-06-2020,30-09-2020,JBFIND.NS
30-06-2020,30-09-2020,JBMA.NS
30-06-2020,30-09-2020,JCHAC.NS
30-06-2020,30-09-2020,JHS.NS
30-06-2020,30-09-2020,JINDALPHOT.NS
30-06-2020,30-09-2020,JINDALPOLY.NS
30-06-2020,30-09-2020,JINDALSAW.NS
30-06-2020,30-09-2020,JINDALSTEL.NS
30-06-2020,30-09-2020,JINDCOT.NS
30-06-2020,30-09-2020,JINDRILL.NS
30-06-2020,30-09-2020,JINDWORLD.NS
30-06-2020,30-09-2020,JISLDVREQS.NS
30-06-2020,30-09-2020,JISLJALEQS.NS
30-06-2020,30-09-2020,JITFINFRA.NS
30-06-2020,30-09-2020,JKCEMENT.NS
30-06-2020,30-09-2020,JKIL.NS
30-06-2020,30-09-2020,JKLAKSHMI.NS
30-06-2020,30-09-2020,JKPAPER.NS
30-06-2020,30-09-2020,JKTYRE.NS
30-06-2020,30-09-2020,JMA.NS
30-06-2020,30-09-2020,JMCPROJECT.NS
30-06-2020,30-09-2020,JMFINANCIL.NS
30-06-2020,30-09-2020,JMTAUTOLTD.NS
30-06-2020,30-09-2020,JOCIL.NS
30-06-2020,30-09-2020,JPASSOCIAT.NS
30-06-2020,30-09-2020,JPINFRATEC.NS
30-06-2020,30-09-2020,JPPOWER.NS
30-06-2020,30-09-2020,JSL.NS
30-06-2020,30-09-2020,JSLHISAR.NS
30-06-2020,30-09-2020,JSWENERGY.NS
30-06-2020,30-09-2020,JSWHL.NS
30-06-2020,30-09-2020,JSWSTEEL.NS
30-06-2020,30-09-2020,JUBILANT.NS
30-06-2020,30-09-2020,JUBLFOOD.NS
30-06-2020,30-09-2020,JUBLINDS.NS
30-06-2020,30-09-2020,JUSTDIAL.NS
30-06-2020,30-09-2020,JYOTHYLAB.NS
30-06-2020,30-09-2020,KABRAEXTRU.NS
30-06-2020,30-09-2020,KAJARIACER.NS
30-06-2020,30-09-2020,KAKATCEM.NS
30-06-2020,30-09-2020,KALPATPOWR.NS
30-06-2020,30-09-2020,KALYANIFRG.NS
30-06-2020,30-09-2020,KAMATHOTEL.NS
30-06-2020,30-09-2020,KAMDHENU.NS
30-06-2020,30-09-2020,KANANIIND.NS
30-06-2020,30-09-2020,KANORICHEM.NS
30-06-2020,30-09-2020,KANSAINER.NS
30-06-2020,30-09-2020,KARMAENG.NS
30-06-2020,30-09-2020,KARURVYSYA.NS
30-06-2020,30-09-2020,KAYA.NS
30-06-2020,30-09-2020,KCP.NS
30-06-2020,30-09-2020,KCPSUGIND.NS
30-06-2020,30-09-2020,KEC.NS
30-06-2020,30-09-2020,KECL.NS
30-06-2020,30-09-2020,KEI.NS
30-06-2020,30-09-2020,KELLTONTEC.NS
30-06-2020,30-09-2020,KERNEX.NS
30-06-2020,30-09-2020,KESARENT.NS
30-06-2020,30-09-2020,KHADIM.NS
30-06-2020,30-09-2020,KHAITANLTD.NS
30-06-2020,30-09-2020,KHANDSE.NS
30-06-2020,30-09-2020,KICL.NS
30-06-2020,30-09-2020,KILITCH.NS
30-06-2020,30-09-2020,KINGFA.NS
30-06-2020,30-09-2020,KIOCL.NS
30-06-2020,30-09-2020,KIRIINDUS.NS
30-06-2020,30-09-2020,KIRLOSBROS.NS
30-06-2020,30-09-2020,KIRLOSIND.NS
30-06-2020,30-09-2020,KITEX.NS
30-06-2020,30-09-2020,KMSUGAR.NS
30-06-2020,30-09-2020,KNRCON.NS
30-06-2020,30-09-2020,KOHINOOR.NS
30-06-2020,30-09-2020,KOKUYOCMLN.NS
30-06-2020,30-09-2020,KOLTEPATIL.NS
30-06-2020,30-09-2020,KOPRAN.NS
30-06-2020,30-09-2020,KOTAKBANK.NS
30-06-2020,30-09-2020,KOTARISUG.NS
30-06-2020,30-09-2020,KOTHARIPET.NS
30-06-2020,30-09-2020,KOTHARIPRO.NS
30-06-2020,30-09-2020,KPRMILL.NS
30-06-2020,30-09-2020,KRBL.NS
30-06-2020,30-09-2020,KREBSBIO.NS
30-06-2020,30-09-2020,KRIDHANINF.NS
30-06-2020,30-09-2020,KSCL.NS
30-06-2020,30-09-2020,KSL.NS
30-06-2020,30-09-2020,KTIL.NS
30-06-2020,30-09-2020,KTKBANK.NS
30-06-2020,30-09-2020,KWALITY.NS
30-06-2020,30-09-2020,LAKSHVILAS.NS
30-06-2020,30-09-2020,LALPATHLAB.NS
30-06-2020,30-09-2020,LAMBODHARA.NS
30-06-2020,30-09-2020,LAOPALA.NS
30-06-2020,30-09-2020,LASA.NS
30-06-2020,30-09-2020,LAURUSLABS.NS
30-06-2020,30-09-2020,LAXMIMACH.NS
30-06-2020,30-09-2020,LFIC.NS
30-06-2020,30-09-2020,LGBBROSLTD.NS
30-06-2020,30-09-2020,LIBERTSHOE.NS
30-06-2020,30-09-2020,LICHSGFIN.NS
30-06-2020,30-09-2020,LINCOLN.NS
30-06-2020,30-09-2020,LINCPEN.NS
30-06-2020,30-09-2020,LINDEINDIA.NS
30-06-2020,30-09-2020,LOTUSEYE.NS
30-06-2020,30-09-2020,LOVABLE.NS
30-06-2020,30-09-2020,LTI.NS
30-06-2020,30-09-2020,LTTS.NS
30-06-2020,30-09-2020,LUMAXIND.NS
30-06-2020,30-09-2020,LUMAXTECH.NS
30-06-2020,30-09-2020,LUPIN.NS
30-06-2020,30-09-2020,LUXIND.NS
30-06-2020,30-09-2020,LYKALABS.NS
30-06-2020,30-09-2020,MAANALU.NS
30-06-2020,30-09-2020,MADHAV.NS
30-06-2020,30-09-2020,MADRASFERT.NS
30-06-2020,30-09-2020,MAGADSUGAR.NS
30-06-2020,30-09-2020,MAGMA.NS
30-06-2020,30-09-2020,MAGNUM.NS
30-06-2020,30-09-2020,MAHABANK.NS
30-06-2020,30-09-2020,MAHASTEEL.NS
30-06-2020,30-09-2020,MAHINDCIE.NS
30-06-2020,30-09-2020,MAHLIFE.NS
30-06-2020,30-09-2020,MAHLOG.NS
30-06-2020,30-09-2020,MAHSCOOTER.NS
30-06-2020,30-09-2020,MAHSEAMLES.NS
30-06-2020,30-09-2020,MAITHANALL.NS
30-06-2020,30-09-2020,MAJESCO.NS
30-06-2020,30-09-2020,MALUPAPER.NS
30-06-2020,30-09-2020,MANAKALUCO.NS
30-06-2020,30-09-2020,MANAKCOAT.NS
30-06-2020,30-09-2020,MANAKSIA.NS
30-06-2020,30-09-2020,MANAKSTEEL.NS
30-06-2020,30-09-2020,MANALIPETC.NS
30-06-2020,30-09-2020,MANAPPURAM.NS
30-06-2020,30-09-2020,MANGALAM.NS
30-06-2020,30-09-2020,MANGCHEFER.NS
30-06-2020,30-09-2020,MANGLMCEM.NS
30-06-2020,30-09-2020,MANGTIMBER.NS
30-06-2020,30-09-2020,MANINDS.NS
30-06-2020,30-09-2020,MANINFRA.NS
30-06-2020,30-09-2020,MANPASAND.NS
30-06-2020,30-09-2020,MANUGRAPH.NS
30-06-2020,30-09-2020,MARALOVER.NS
30-06-2020,30-09-2020,MARATHON.NS
30-06-2020,30-09-2020,MARICO.NS
30-06-2020,30-09-2020,MARKSANS.NS
30-06-2020,30-09-2020,MARUTI.NS
30-06-2020,30-09-2020,MASFIN.NS
30-06-2020,30-09-2020,MASKINVEST.NS
30-06-2020,30-09-2020,MASTEK.NS
30-06-2020,30-09-2020,MATRIMONY.NS
30-06-2020,30-09-2020,MAWANASUG.NS
30-06-2020,30-09-2020,MAYURUNIQ.NS
30-06-2020,30-09-2020,MAZDA.NS
30-06-2020,30-09-2020,MBECL.NS
30-06-2020,30-09-2020,MBLINFRA.NS
30-06-2020,30-09-2020,MCDHOLDING.NS
30-06-2020,30-09-2020,MCDOWELL-N.NS
30-06-2020,30-09-2020,MCLEODRUSS.NS
30-06-2020,30-09-2020,MCX.NS
30-06-2020,30-09-2020,MEGASOFT.NS
30-06-2020,30-09-2020,MEGH.NS
30-06-2020,30-09-2020,MELSTAR.NS
30-06-2020,30-09-2020,MENONBE.NS
30-06-2020,30-09-2020,MEP.NS
30-06-2020,30-09-2020,MERCATOR.NS
30-06-2020,30-09-2020,MGL.NS
30-06-2020,30-09-2020,MHRIL.NS
30-06-2020,30-09-2020,MINDACORP.NS
30-06-2020,30-09-2020,MINDAIND.NS
30-06-2020,30-09-2020,MINDTECK.NS
30-06-2020,30-09-2020,MINDTREE.NS
30-06-2020,30-09-2020,MIRCELECTR.NS
30-06-2020,30-09-2020,MIRZAINT.NS
30-06-2020,30-09-2020,MMFL.NS
30-06-2020,30-09-2020,MMTC.NS
30-06-2020,30-09-2020,MOHITIND.NS
30-06-2020,30-09-2020,MOIL.NS
30-06-2020,30-09-2020,MOLDTECH.NS
30-06-2020,30-09-2020,MOLDTKPAC.NS
30-06-2020,30-09-2020,MONTECARLO.NS
30-06-2020,30-09-2020,MORARJEE.NS
30-06-2020,30-09-2020,MOREPENLAB.NS
30-06-2020,30-09-2020,MOTHERSUMI.NS
30-06-2020,30-09-2020,MOTILALOFS.NS
30-06-2020,30-09-2020,MOTOGENFIN.NS
30-06-2020,30-09-2020,MPHASIS.NS
30-06-2020,30-09-2020,MPSLTD.NS
30-06-2020,30-09-2020,MRF.NS
30-06-2020,30-09-2020,MSPL.NS
30-06-2020,30-09-2020,MTEDUCARE.NS
30-06-2020,30-09-2020,MTNL.NS
30-06-2020,30-09-2020,MUKANDENGG.NS
30-06-2020,30-09-2020,MUKANDLTD.NS
30-06-2020,30-09-2020,MUKTAARTS.NS
30-06-2020,30-09-2020,MUNJALAU.NS
30-06-2020,30-09-2020,MUNJALSHOW.NS
30-06-2020,30-09-2020,MURUDCERA.NS
30-06-2020,30-09-2020,MUTHOOTCAP.NS
30-06-2020,30-09-2020,MUTHOOTFIN.NS
30-06-2020,30-09-2020,NACLIND.NS
30-06-2020,30-09-2020,NAGAFERT.NS
30-06-2020,30-09-2020,NAGREEKCAP.NS
30-06-2020,30-09-2020,NAGREEKEXP.NS
30-06-2020,30-09-2020,NAHARINDUS.NS
30-06-2020,30-09-2020,NAHARPOLY.NS
30-06-2020,30-09-2020,NAHARSPING.NS
30-06-2020,30-09-2020,NATCOPHARM.NS
30-06-2020,30-09-2020,NATIONALUM.NS
30-06-2020,30-09-2020,NATNLSTEEL.NS
30-06-2020,30-09-2020,NAUKRI.NS
30-06-2020,30-09-2020,NAVINFLUOR.NS
30-06-2020,30-09-2020,NAVKARCORP.NS
30-06-2020,30-09-2020,NAVNETEDUL.NS
30-06-2020,30-09-2020,NBCC.NS
30-06-2020,30-09-2020,NBIFIN.NS
30-06-2020,30-09-2020,NBVENTURES.NS
30-06-2020,30-09-2020,NCC.NS
30-06-2020,30-09-2020,NCLIND.NS
30-06-2020,30-09-2020,NDL.NS
30-06-2020,30-09-2020,NECCLTD.NS
30-06-2020,30-09-2020,NECLIFE.NS
30-06-2020,30-09-2020,NELCAST.NS
30-06-2020,30-09-2020,NELCO.NS
30-06-2020,30-09-2020,NESCO.NS
30-06-2020,30-09-2020,NESTLEIND.NS
30-06-2020,30-09-2020,NETWORK18.NS
30-06-2020,30-09-2020,NEULANDLAB.NS
30-06-2020,30-09-2020,NEXTMEDIA.NS
30-06-2020,30-09-2020,NFL.NS
30-06-2020,30-09-2020,NH.NS
30-06-2020,30-09-2020,NIACL.NS
30-06-2020,30-09-2020,NIBL.NS
30-06-2020,30-09-2020,NIITLTD.NS
30-06-2020,30-09-2020,NILAINFRA.NS
30-06-2020,30-09-2020,NILKAMAL.NS
30-06-2020,30-09-2020,NIPPOBATRY.NS
30-06-2020,30-09-2020,NITCO.NS
30-06-2020,30-09-2020,NITINSPIN.NS
30-06-2020,30-09-2020,NKIND.NS
30-06-2020,30-09-2020,NLCINDIA.NS
30-06-2020,30-09-2020,NMDC.NS
30-06-2020,30-09-2020,NOCIL.NS
30-06-2020,30-09-2020,NOIDATOLL.NS
30-06-2020,30-09-2020,NORBTEAEXP.NS
30-06-2020,30-09-2020,NRAIL.NS
30-06-2020,30-09-2020,NRBBEARING.NS
30-06-2020,30-09-2020,NSIL.NS
30-06-2020,30-09-2020,NTPC.NS
30-06-2020,30-09-2020,OBEROIRLTY.NS
30-06-2020,30-09-2020,OCCL.NS
30-06-2020,30-09-2020,OFSS.NS
30-06-2020,30-09-2020,OIL.NS
30-06-2020,30-09-2020,OMAXAUTO.NS
30-06-2020,30-09-2020,OMAXE.NS
30-06-2020,30-09-2020,OMKARCHEM.NS
30-06-2020,30-09-2020,OMMETALS.NS
30-06-2020,30-09-2020,ONELIFECAP.NS
30-06-2020,30-09-2020,ONGC.NS
30-06-2020,30-09-2020,ONMOBILE.NS
30-06-2020,30-09-2020,ONWARDTEC.NS
30-06-2020,30-09-2020,OPTIEMUS.NS
30-06-2020,30-09-2020,OPTOCIRCUI.NS
30-06-2020,30-09-2020,ORBTEXP.NS
30-06-2020,30-09-2020,ORICONENT.NS
30-06-2020,30-09-2020,ORIENTABRA.NS
30-06-2020,30-09-2020,ORIENTALTL.NS
30-06-2020,30-09-2020,ORIENTBELL.NS
30-06-2020,30-09-2020,ORIENTCEM.NS
30-06-2020,30-09-2020,ORIENTHOT.NS
30-06-2020,30-09-2020,ORIENTLTD.NS
30-06-2020,30-09-2020,ORIENTPPR.NS
30-06-2020,30-09-2020,ORIENTREF.NS
30-06-2020,30-09-2020,ORTEL.NS
30-06-2020,30-09-2020,ORTINLABSS.NS
30-06-2020,30-09-2020,PAGEIND.NS
30-06-2020,30-09-2020,PALREDTEC.NS
30-06-2020,30-09-2020,PANACEABIO.NS
30-06-2020,30-09-2020,PANAMAPET.NS
30-06-2020,30-09-2020,PARAGMILK.NS
30-06-2020,30-09-2020,PARSVNATH.NS
30-06-2020,30-09-2020,PATELENG.NS
30-06-2020,30-09-2020,PATSPINLTD.NS
30-06-2020,30-09-2020,PCJEWELLER.NS
30-06-2020,30-09-2020,PDMJEPAPER.NS
30-06-2020,30-09-2020,PDPL.NS
30-06-2020,30-09-2020,PEARLPOLY.NS
30-06-2020,30-09-2020,PEL.NS
30-06-2020,30-09-2020,PENIND.NS
30-06-2020,30-09-2020,PENINLAND.NS
30-06-2020,30-09-2020,PERSISTENT.NS
30-06-2020,30-09-2020,PETRONET.NS
30-06-2020,30-09-2020,PFC.NS
30-06-2020,30-09-2020,PFIZER.NS
30-06-2020,30-09-2020,PFS.NS
30-06-2020,30-09-2020,PGEL.NS
30-06-2020,30-09-2020,PGHH.NS
30-06-2020,30-09-2020,PGIL.NS
30-06-2020,30-09-2020,PHILIPCARB.NS
30-06-2020,30-09-2020,PHOENIXLTD.NS
30-06-2020,30-09-2020,PIDILITIND.NS
30-06-2020,30-09-2020,PIIND.NS
30-06-2020,30-09-2020,PILANIINVS.NS
30-06-2020,30-09-2020,PILITA.NS
30-06-2020,30-09-2020,PIONDIST.NS
30-06-2020,30-09-2020,PIONEEREMB.NS
30-06-2020,30-09-2020,PKTEA.NS
30-06-2020,30-09-2020,PLASTIBLEN.NS
30-06-2020,30-09-2020,PNB.NS
30-06-2020,30-09-2020,PNBGILTS.NS
30-06-2020,30-09-2020,PNBHOUSING.NS
30-06-2020,30-09-2020,PNC.NS
30-06-2020,30-09-2020,PNCINFRA.NS
30-06-2020,30-09-2020,PODDARHOUS.NS
30-06-2020,30-09-2020,PODDARMENT.NS
30-06-2020,30-09-2020,POKARNA.NS
30-06-2020,30-09-2020,POLYMED.NS
30-06-2020,30-09-2020,POLYPLEX.NS
30-06-2020,30-09-2020,PONNIERODE.NS
30-06-2020,30-09-2020,POWERGRID.NS
30-06-2020,30-09-2020,POWERMECH.NS
30-06-2020,30-09-2020,PRABHAT.NS
30-06-2020,30-09-2020,PRADIP.NS
30-06-2020,30-09-2020,PRAENG.NS
30-06-2020,30-09-2020,PRAJIND.NS
30-06-2020,30-09-2020,PRAKASH.NS
30-06-2020,30-09-2020,PRECAM.NS
30-06-2020,30-09-2020,PRECOT.NS
30-06-2020,30-09-2020,PRECWIRE.NS
30-06-2020,30-09-2020,PREMEXPLN.NS
30-06-2020,30-09-2020,PREMIERPOL.NS
30-06-2020,30-09-2020,PRESSMN.NS
30-06-2020,30-09-2020,PRESTIGE.NS
30-06-2020,30-09-2020,PRICOLLTD.NS
30-06-2020,30-09-2020,PRIMESECU.NS
30-06-2020,30-09-2020,PROZONINTU.NS
30-06-2020,30-09-2020,PSB.NS
30-06-2020,30-09-2020,PSL.NS
30-06-2020,30-09-2020,PSPPROJECT.NS
30-06-2020,30-09-2020,PTC.NS
30-06-2020,30-09-2020,PTL.NS
30-06-2020,30-09-2020,PUNJABCHEM.NS
30-06-2020,30-09-2020,PVP.NS
30-06-2020,30-09-2020,PVR.NS
30-06-2020,30-09-2020,QUESS.NS
30-06-2020,30-09-2020,QUICKHEAL.NS
30-06-2020,30-09-2020,RADICO.NS
30-06-2020,30-09-2020,RADIOCITY.NS
30-06-2020,30-09-2020,RAIN.NS
30-06-2020,30-09-2020,RAJESHEXPO.NS
30-06-2020,30-09-2020,RAJSREESUG.NS
30-06-2020,30-09-2020,RAJTV.NS
30-06-2020,30-09-2020,RAJVIR.NS
30-06-2020,30-09-2020,RALLIS.NS
30-06-2020,30-09-2020,RAMANEWS.NS
30-06-2020,30-09-2020,RAMASTEEL.NS
30-06-2020,30-09-2020,RAMCOCEM.NS
30-06-2020,30-09-2020,RAMCOIND.NS
30-06-2020,30-09-2020,RAMCOSYS.NS
30-06-2020,30-09-2020,RAMKY.NS
30-06-2020,30-09-2020,RANASUG.NS
30-06-2020,30-09-2020,RANEENGINE.NS
30-06-2020,30-09-2020,RANEHOLDIN.NS
30-06-2020,30-09-2020,RATNAMANI.NS
30-06-2020,30-09-2020,RAYMOND.NS
30-06-2020,30-09-2020,RBL.NS
30-06-2020,30-09-2020,RBLBANK.NS
30-06-2020,30-09-2020,RCF.NS
30-06-2020,30-09-2020,RECLTD.NS
30-06-2020,30-09-2020,REDINGTON.NS
30-06-2020,30-09-2020,REFEX.NS
30-06-2020,30-09-2020,RELAXO.NS
30-06-2020,30-09-2020,RELCAPITAL.NS
30-06-2020,30-09-2020,RELIANCE.NS
30-06-2020,30-09-2020,RELIGARE.NS
30-06-2020,30-09-2020,RELINFRA.NS
30-06-2020,30-09-2020,REMSONSIND.NS
30-06-2020,30-09-2020,RENUKA.NS
30-06-2020,30-09-2020,REPCOHOME.NS
30-06-2020,30-09-2020,REPRO.NS
30-06-2020,30-09-2020,RESPONIND.NS
30-06-2020,30-09-2020,REVATHI.NS
30-06-2020,30-09-2020,RHFL.NS
30-06-2020,30-09-2020,RICOAUTO.NS
30-06-2020,30-09-2020,RIIL.NS
30-06-2020,30-09-2020,RKFORGE.NS
30-06-2020,30-09-2020,RML.NS
30-06-2020,30-09-2020,ROHLTD.NS
30-06-2020,30-09-2020,ROLLT.NS
30-06-2020,30-09-2020,ROLTA.NS
30-06-2020,30-09-2020,ROSSELLIND.NS
30-06-2020,30-09-2020,RPGLIFE.NS
30-06-2020,30-09-2020,RPOWER.NS
30-06-2020,30-09-2020,RPPINFRA.NS
30-06-2020,30-09-2020,RSSOFTWARE.NS
30-06-2020,30-09-2020,RSYSTEMS.NS
30-06-2020,30-09-2020,RTNPOWER.NS
30-06-2020,30-09-2020,RUBYMILLS.NS
30-06-2020,30-09-2020,RUCHINFRA.NS
30-06-2020,30-09-2020,RUPA.NS
30-06-2020,30-09-2020,RUSHIL.NS
30-06-2020,30-09-2020,SADBHAV.NS
30-06-2020,30-09-2020,SADBHIN.NS
30-06-2020,30-09-2020,SAGCEM.NS
30-06-2020,30-09-2020,SAIL.NS
30-06-2020,30-09-2020,SAKHTISUG.NS
30-06-2020,30-09-2020,SAKSOFT.NS
30-06-2020,30-09-2020,SAKUMA.NS
30-06-2020,30-09-2020,SALASAR.NS
30-06-2020,30-09-2020,SALONA.NS
30-06-2020,30-09-2020,SALSTEEL.NS
30-06-2020,30-09-2020,SALZERELEC.NS
30-06-2020,30-09-2020,SAMBHAAV.NS
30-06-2020,30-09-2020,SANDESH.NS
30-06-2020,30-09-2020,SANGAMIND.NS
30-06-2020,30-09-2020,SANGHIIND.NS
30-06-2020,30-09-2020,SANGHVIFOR.NS
30-06-2020,30-09-2020,SANGHVIMOV.NS
30-06-2020,30-09-2020,SANOFI.NS
30-06-2020,30-09-2020,SANWARIA.NS
30-06-2020,30-09-2020,SARDAEN.NS
30-06-2020,30-09-2020,SAREGAMA.NS
30-06-2020,30-09-2020,SARLAPOLY.NS
30-06-2020,30-09-2020,SASKEN.NS
30-06-2020,30-09-2020,SATHAISPAT.NS
30-06-2020,30-09-2020,SBILIFE.NS
30-06-2020,30-09-2020,SBIN.NS
30-06-2020,30-09-2020,SCAPDVR.NS
30-06-2020,30-09-2020,SCHAEFFLER.NS
30-06-2020,30-09-2020,SCHAND.NS
30-06-2020,30-09-2020,SCHNEIDER.NS
30-06-2020,30-09-2020,SCI.NS
30-06-2020,30-09-2020,SDBL.NS
30-06-2020,30-09-2020,SEAMECLTD.NS
30-06-2020,30-09-2020,SELAN.NS
30-06-2020,30-09-2020,SEPOWER.NS
30-06-2020,30-09-2020,SEQUENT.NS
30-06-2020,30-09-2020,SESHAPAPER.NS
30-06-2020,30-09-2020,SETCO.NS
30-06-2020,30-09-2020,SEZAL.NS
30-06-2020,30-09-2020,SFL.NS
30-06-2020,30-09-2020,SGL.NS
30-06-2020,30-09-2020,SHAHALLOYS.NS
30-06-2020,30-09-2020,SHAKTIPUMP.NS
30-06-2020,30-09-2020,SHALPAINTS.NS
30-06-2020,30-09-2020,SHANKARA.NS
30-06-2020,30-09-2020,SHANTIGEAR.NS
30-06-2020,30-09-2020,SHARDACROP.NS
30-06-2020,30-09-2020,SHARDAMOTR.NS
30-06-2020,30-09-2020,SHARONBIO.NS
30-06-2020,30-09-2020,SHEMAROO.NS
30-06-2020,30-09-2020,SHILPAMED.NS
30-06-2020,30-09-2020,SHIRPUR-G.NS
30-06-2020,30-09-2020,SHK.NS
30-06-2020,30-09-2020,SHOPERSTOP.NS
30-06-2020,30-09-2020,SHREECEM.NS
30-06-2020,30-09-2020,SHREEPUSHK.NS
30-06-2020,30-09-2020,SHREERAMA.NS
30-06-2020,30-09-2020,SHREYANIND.NS
30-06-2020,30-09-2020,SHREYAS.NS
30-06-2020,30-09-2020,SHRIPISTON.NS
30-06-2020,30-09-2020,SHRIRAMCIT.NS
30-06-2020,30-09-2020,SHRIRAMEPC.NS
30-06-2020,30-09-2020,SHYAMTEL.NS
30-06-2020,30-09-2020,SICAGEN.NS
30-06-2020,30-09-2020,SICAL.NS
30-06-2020,30-09-2020,SIEMENS.NS
30-06-2020,30-09-2020,SIL.NS
30-06-2020,30-09-2020,SILINV.NS
30-06-2020,30-09-2020,SIMBHALS.NS
30-06-2020,30-09-2020,SIMPLEXINF.NS
30-06-2020,30-09-2020,SINTEX.NS
30-06-2020,30-09-2020,SIS.NS
30-06-2020,30-09-2020,SITINET.NS
30-06-2020,30-09-2020,SIYSIL.NS
30-06-2020,30-09-2020,SJVN.NS
30-06-2020,30-09-2020,SKFINDIA.NS
30-06-2020,30-09-2020,SKIPPER.NS
30-06-2020,30-09-2020,SKMEGGPROD.NS
30-06-2020,30-09-2020,SMARTLINK.NS
30-06-2020,30-09-2020,SMLISUZU.NS
30-06-2020,30-09-2020,SMPL.NS
30-06-2020,30-09-2020,SMSLIFE.NS
30-06-2020,30-09-2020,SMSPHARMA.NS
30-06-2020,30-09-2020,SNOWMAN.NS
30-06-2020,30-09-2020,SOBHA.NS
30-06-2020,30-09-2020,SOLARINDS.NS
30-06-2020,30-09-2020,SOMANYCERA.NS
30-06-2020,30-09-2020,SOMATEX.NS
30-06-2020,30-09-2020,SOMICONVEY.NS
30-06-2020,30-09-2020,SONATSOFTW.NS
30-06-2020,30-09-2020,SORILINFRA.NS
30-06-2020,30-09-2020,SOTL.NS
30-06-2020,30-09-2020,SOUTHBANK.NS
30-06-2020,30-09-2020,SPAL.NS
30-06-2020,30-09-2020,SPARC.NS
30-06-2020,30-09-2020,SPECIALITY.NS
30-06-2020,30-09-2020,SPIC.NS
30-06-2020,30-09-2020,SPLIL.NS
30-06-2020,30-09-2020,SPMLINFRA.NS
30-06-2020,30-09-2020,SPTL.NS
30-06-2020,30-09-2020,SPYL.NS
30-06-2020,30-09-2020,SREEL.NS
30-06-2020,30-09-2020,SREINFRA.NS
30-06-2020,30-09-2020,SRF.NS
30-06-2020,30-09-2020,SRHHYPOLTD.NS
30-06-2020,30-09-2020,SRIPIPES.NS
30-06-2020,30-09-2020,SRTRANSFIN.NS
30-06-2020,30-09-2020,SSWL.NS
30-06-2020,30-09-2020,STAMPEDE.NS
30-06-2020,30-09-2020,STAR.NS
30-06-2020,30-09-2020,STARCEMENT.NS
30-06-2020,30-09-2020,STARPAPER.NS
30-06-2020,30-09-2020,STCINDIA.NS
30-06-2020,30-09-2020,STEELXIND.NS
30-06-2020,30-09-2020,STEL.NS
30-06-2020,30-09-2020,STERTOOLS.NS
30-06-2020,30-09-2020,SUBROS.NS
30-06-2020,30-09-2020,SUDARSCHEM.NS
30-06-2020,30-09-2020,SUJANAUNI.NS
30-06-2020,30-09-2020,SUMEETINDS.NS
30-06-2020,30-09-2020,SUMMITSEC.NS
30-06-2020,30-09-2020,SUNCLAYLTD.NS
30-06-2020,30-09-2020,SUNDARAM.NS
30-06-2020,30-09-2020,SUNDARMFIN.NS
30-06-2020,30-09-2020,SUNDRMBRAK.NS
30-06-2020,30-09-2020,SUNDRMFAST.NS
30-06-2020,30-09-2020,SATIN.NS
30-06-2020,30-09-2020,SUNPHARMA.NS
30-06-2020,30-09-2020,SUNTECK.NS
30-06-2020,30-09-2020,SUPERHOUSE.NS
30-06-2020,30-09-2020,SUPPETRO.NS
30-06-2020,30-09-2020,SUPRAJIT.NS
30-06-2020,30-09-2020,SUPREMEIND.NS
30-06-2020,30-09-2020,SURYALAXMI.NS
30-06-2020,30-09-2020,SURYAROSNI.NS
30-06-2020,30-09-2020,SUTLEJTEX.NS
30-06-2020,30-09-2020,SUVEN.NS
30-06-2020,30-09-2020,SUZLON.NS
30-06-2020,30-09-2020,SWARAJENG.NS
30-06-2020,30-09-2020,SWELECTES.NS
30-06-2020,30-09-2020,SYNGENE.NS
30-06-2020,30-09-2020,TALBROAUTO.NS
30-06-2020,30-09-2020,TARMAT.NS
30-06-2020,30-09-2020,TASTYBITE.NS
30-06-2020,30-09-2020,TATACHEM.NS
30-06-2020,30-09-2020,TATACOFFEE.NS
30-06-2020,30-09-2020,TATAINVEST.NS
30-06-2020,30-09-2020,TATAMETALI.NS
30-06-2020,30-09-2020,TATAMOTORS.NS
30-06-2020,30-09-2020,TATAMTRDVR.NS
30-06-2020,30-09-2020,TATAPOWER.NS
30-06-2020,30-09-2020,TATASTEEL.NS
30-06-2020,30-09-2020,TBZ.NS
30-06-2020,30-09-2020,TCPLPACK.NS
30-06-2020,30-09-2020,TCS.NS
30-06-2020,30-09-2020,TDPOWERSYS.NS
30-06-2020,30-09-2020,TEXINFRA.NS
30-06-2020,30-09-2020,TEXMOPIPES.NS
30-06-2020,30-09-2020,TEXRAIL.NS
30-06-2020,30-09-2020,TFCILTD.NS
30-06-2020,30-09-2020,TFL.NS
30-06-2020,30-09-2020,THANGAMAYL.NS
30-06-2020,30-09-2020,THEMISMED.NS
30-06-2020,30-09-2020,THERMAX.NS
30-06-2020,30-09-2020,THOMASCOTT.NS
30-06-2020,30-09-2020,TIIL.NS
30-06-2020,30-09-2020,TIINDIA.NS
30-06-2020,30-09-2020,TIL.NS
30-06-2020,30-09-2020,TIMESGTY.NS
30-06-2020,30-09-2020,TIMETECHNO.NS
30-06-2020,30-09-2020,TIMKEN.NS
30-06-2020,30-09-2020,TINPLATE.NS
30-06-2020,30-09-2020,TIRUMALCHM.NS
30-06-2020,30-09-2020,TITAN.NS
30-06-2020,30-09-2020,TNPETRO.NS
30-06-2020,30-09-2020,TNPL.NS
30-06-2020,30-09-2020,TOKYOPLAST.NS
30-06-2020,30-09-2020,TORNTPHARM.NS
30-06-2020,30-09-2020,TORNTPOWER.NS
30-06-2020,30-09-2020,TRENT.NS
30-06-2020,30-09-2020,TRIDENT.NS
30-06-2020,30-09-2020,TRIL.NS
30-06-2020,30-09-2020,TRITURBINE.NS
30-06-2020,30-09-2020,TRIVENI.NS
30-06-2020,30-09-2020,TTKHLTCARE.NS
30-06-2020,30-09-2020,TTKPRESTIG.NS
30-06-2020,30-09-2020,TTL.NS
30-06-2020,30-09-2020,TV18BRDCST.NS
30-06-2020,30-09-2020,TVSELECT.NS
30-06-2020,30-09-2020,TVSMOTOR.NS
30-06-2020,30-09-2020,TVSSRICHAK.NS
30-06-2020,30-09-2020,TWL.NS
30-06-2020,30-09-2020,UBL.NS
30-06-2020,30-09-2020,UCALFUEL.NS
30-06-2020,30-09-2020,UFLEX.NS
30-06-2020,30-09-2020,UFO.NS
30-06-2020,30-09-2020,UGARSUGAR.NS
30-06-2020,30-09-2020,UJAAS.NS
30-06-2020,30-09-2020,UJJIVAN.NS
30-06-2020,30-09-2020,ULTRACEMCO.NS
30-06-2020,30-09-2020,UMANGDAIRY.NS
30-06-2020,30-09-2020,UNICHEMLAB.NS
30-06-2020,30-09-2020,UNIENTER.NS
30-06-2020,30-09-2020,UNIONBANK.NS
30-06-2020,30-09-2020,UNITEDTEA.NS
30-06-2020,30-09-2020,UNIVCABLES.NS
30-06-2020,30-09-2020,UPL.NS
30-06-2020,30-09-2020,USHAMART.NS
30-06-2020,30-09-2020,UTTAMSUGAR.NS
30-06-2020,30-09-2020,V2RETAIL.NS
30-06-2020,30-09-2020,VADILALIND.NS
30-06-2020,30-09-2020,VARDHACRLC.NS
30-06-2020,30-09-2020,VASWANI.NS
30-06-2020,30-09-2020,VBL.NS
30-06-2020,30-09-2020,VEDL.NS
30-06-2020,30-09-2020,VENKEYS.NS
30-06-2020,30-09-2020,VESUVIUS.NS
30-06-2020,30-09-2020,VETO.NS
30-06-2020,30-09-2020,VGUARD.NS
30-06-2020,30-09-2020,VHL.NS
30-06-2020,30-09-2020,VIDHIING.NS
30-06-2020,30-09-2020,VIMTALABS.NS
30-06-2020,30-09-2020,VINATIORGA.NS
30-06-2020,30-09-2020,VINDHYATEL.NS
30-06-2020,30-09-2020,VINYLINDIA.NS
30-06-2020,30-09-2020,VIPCLOTHNG.NS
30-06-2020,30-09-2020,VIPIND.NS
30-06-2020,30-09-2020,VIPULLTD.NS
30-06-2020,30-09-2020,VISAKAIND.NS
30-06-2020,30-09-2020,VISHNU.NS
30-06-2020,30-09-2020,VIVIMEDLAB.NS
30-06-2020,30-09-2020,VLSFINANCE.NS
30-06-2020,30-09-2020,VMART.NS
30-06-2020,30-09-2020,VOLTAMP.NS
30-06-2020,30-09-2020,VSSL.NS
30-06-2020,30-09-2020,VSTIND.NS
30-06-2020,30-09-2020,VSTTILLERS.NS
30-06-2020,30-09-2020,VTL.NS
30-06-2020,30-09-2020,WABCOINDIA.NS
30-06-2020,30-09-2020,WANBURY.NS
30-06-2020,30-09-2020,WEBELSOLAR.NS
30-06-2020,30-09-2020,WEIZMANIND.NS
30-06-2020,30-09-2020,WELCORP.NS
30-06-2020,30-09-2020,WELENT.NS
30-06-2020,30-09-2020,WELINV.NS
30-06-2020,30-09-2020,WELSPUNIND.NS
30-06-2020,30-09-2020,WENDT.NS
30-06-2020,30-09-2020,WHEELS.NS
30-06-2020,30-09-2020,WHIRLPOOL.NS
30-06-2020,30-09-2020,WINDMACHIN.NS
30-06-2020,30-09-2020,WIPL.NS
30-06-2020,30-09-2020,WONDERLA.NS
30-06-2020,30-09-2020,WSTCSTPAPR.NS
30-06-2020,30-09-2020,YESBANK.NS
30-06-2020,30-09-2020,ZEEMEDIA.NS
30-06-2020,30-09-2020,ZENITHEXPO.NS
30-06-2020,30-09-2020,ZENTEC.NS
30-06-2020,30-09-2020,ZICOM.NS
30-06-2020,30-09-2020,ZODIACLOTH.NS
30-06-2020,30-09-2020,ZODJRDMKJ.NS
30-06-2020,30-09-2020,ZUARI.NS
30-06-2020,30-09-2020,ZUARIGLOB.NS
30-09-2020,30-12-2020,SCI.NS
30-09-2020,30-12-2020,UPL.NS
